Workbook

Sheet repasse
A1: UF | B1: GEO | C1: Emb. | D1: SKU | E1: QTD CX | F1: rota-ttv pre | G1: rota-ttv pos | H1: rota-delta ttv | I1: rota-ttc pos | J1: asr-ttv pre | K1: asr-ttv pos | L1: asr-delta ttv | M1: asr-ttc pos | N1: varejo-ttc pre | O1: varejo-ttc pos | P1: varejo-delta ttc | Q1: atacado-ttc pre | R1: atacado-ttc pos | S1: atacado-delta ttc
A2: AM | B2: GEO CO | C2: PET 200 | D2: GCA P200 | E2: =_xlfn.XLOOKUP($D2,depara_repasse!E:E,depara_repasse!K:K) -> 12 | F2: =ROUND(SUMIFS(repasse_ac!$R:$R,repasse_ac!$A:$A,$A2,repasse_ac!$F:$F,$D2,repasse_ac!$I:$I,"TTC PRÉ"),2) -> 1.71 | G2: =ROUND(SUMIFS(repasse_ac!$R:$R,repasse_ac!$A:$A,$A2,repasse_ac!$F:$F,$D2,repasse_ac!$I:$I,"TTC PÓS"),2) -> 1.71 | H2: =G2-F2 -> 0 | I2: =(ROUNDDOWN(ROUND(G2*(1+0.2),2)*100/10,0)*10+IF(MOD(ROUND(G2*(1+0.2),2)*100,10)>4,9,-1))/100 -> 2.09 | J2: =ROUND(SUMIFS(repasse_ac!$P:$P,repasse_ac!$A:$A,$A2,repasse_ac!$F:$F,$D2,repasse_ac!$I:$I,"TTC PRÉ"),2) -> 1.67 | K2: =ROUND(SUMIFS(repasse_ac!$P:$P,repasse_ac!$A:$A,$A2,repasse_ac!$F:$F,$D2,repasse_ac!$I:$I,"TTC PÓS"),2) -> 1.67 | L2: =K2-J2 -> 0 | M2: =(ROUNDDOWN(ROUND(K2*(1+0.2),2)*100/10,0)*10+IF(MOD(ROUND(K2*(1+0.2),2)*100,10)>4,9,-1))/100 -> 1.99 | N2: =ROUND(SUMIFS(repasse_ac!$J:$J,repasse_ac!$A:$A,$A2,repasse_ac!$F:$F,$D2,repasse_ac!$I:$I,"TTC PRÉ"),2) -> 1.99 | O2: =ROUND(SUMIFS(repasse_ac!$J:$J,repasse_ac!$A:$A,$A2,repasse_ac!$F:$F,$D2,repasse_ac!$I:$I,"TTC PÓS"),2) -> 1.99 | P2: =O2-N2 -> 0 | Q2: =ROUND(SUMIFS(repasse_ac!$N:$N,repasse_ac!$A:$A,$A2,repasse_ac!$F:$F,$D2,repasse_ac!$I:$I,"TTC PRÉ"),2) -> 1.89 | R2: =ROUND(SUMIFS(repasse_ac!$N:$N,repasse_ac!$A:$A,$A2,repasse_ac!$F:$F,$D2,repasse_ac!$I:$I,"TTC PÓS"),2) -> 1.89 | S2: =R2-Q2 -> 0
A3: AM | B3: GEO CO | C3: PET 200 | D3: GCAD P200 | E3: =_xlfn.XLOOKUP($D3,depara_repasse!E:E,depara_repasse!K:K) -> 12 | F3: =ROUND(SUMIFS(repasse_ac!$R:$R,repasse_ac!$A:$A,$A3,repasse_ac!$F:$F,$D3,repasse_ac!$I:$I,"TTC PRÉ"),2) -> 1.71 | G3: =ROUND(SUMIFS(repasse_ac!$R:$R,repasse_ac!$A:$A,$A3,repasse_ac!$F:$F,$D3,repasse_ac!$I:$I,"TTC PÓS"),2) -> 1.71 | H3: =G3-F3 -> 0 | I3: =(ROUNDDOWN(ROUND(G3*(1+0.2),2)*100/10,0)*10+IF(MOD(ROUND(G3*(1+0.2),2)*100,10)>4,9,-1))/100 -> 2.09 | J3: =ROUND(SUMIFS(repasse_ac!$P:$P,repasse_ac!$A:$A,$A3,repasse_ac!$F:$F,$D3,repasse_ac!$I:$I,"TTC PRÉ"),2) -> 1.67 | K3: =ROUND(SUMIFS(repasse_ac!$P:$P,repasse_ac!$A:$A,$A3,repasse_ac!$F:$F,$D3,repasse_ac!$I:$I,"TTC PÓS"),2) -> 1.67 | L3: =K3-J3 -> 0 | M3: =(ROUNDDOWN(ROUND(K3*(1+0.2),2)*100/10,0)*10+IF(MOD(ROUND(K3*(1+0.2),2)*100,10)>4,9,-1))/100 -> 1.99 | N3: =ROUND(SUMIFS(repasse_ac!$J:$J,repasse_ac!$A:$A,$A3,repasse_ac!$F:$F,$D3,repasse_ac!$I:$I,"TTC PRÉ"),2) -> 1.99 | O3: =ROUND(SUMIFS(repasse_ac!$J:$J,repasse_ac!$A:$A,$A3,repasse_ac!$F:$F,$D3,repasse_ac!$I:$I,"TTC PÓS"),2) -> 1.99 | P3: =O3-N3 -> 0 | Q3: =ROUND(SUMIFS(repasse_ac!$N:$N,repasse_ac!$A:$A,$A3,repasse_ac!$F:$F,$D3,repasse_ac!$I:$I,"TTC PRÉ"),2) -> 1.89 | R3: =ROUND(SUMIFS(repasse_ac!$N:$N,repasse_ac!$A:$A,$A3,repasse_ac!$F:$F,$D3,repasse_ac!$I:$I,"TTC PÓS"),2) -> 1.89 | S3: =R3-Q3 -> 0
A4: AM | B4: GEO CO | C4: PET 200 | D4: PC P200 | E4: =_xlfn.XLOOKUP($D4,depara_repasse!E:E,depara_repasse!K:K) -> 12 | F4: =ROUND(SUMIFS(repasse_ac!$R:$R,repasse_ac!$A:$A,$A4,repasse_ac!$F:$F,$D4,repasse_ac!$I:$I,"TTC PRÉ"),2) -> 1.62 | G4: =ROUND(SUMIFS(repasse_ac!$R:$R,repasse_ac!$A:$A,$A4,repasse_ac!$F:$F,$D4,repasse_ac!$I:$I,"TTC PÓS"),2) -> 1.71 | H4: =G4-F4 -> 0.09 | I4: =(ROUNDDOWN(ROUND(G4*(1+0.2),2)*100/10,0)*10+IF(MOD(ROUND(G4*(1+0.2),2)*100,10)>4,9,-1))/100 -> 2.09 | J4: =ROUND(SUMIFS(repasse_ac!$P:$P,repasse_ac!$A:$A,$A4,repasse_ac!$F:$F,$D4,repasse_ac!$I:$I,"TTC PRÉ"),2) -> 1.59 | K4: =ROUND(SUMIFS(repasse_ac!$P:$P,repasse_ac!$A:$A,$A4,repasse_ac!$F:$F,$D4,repasse_ac!$I:$I,"TTC PÓS"),2) -> 1.67 | L4: =K4-J4 -> 0.08 | M4: =(ROUNDDOWN(ROUND(K4*(1+0.2),2)*100/10,0)*10+IF(MOD(ROUND(K4*(1+0.2),2)*100,10)>4,9,-1))/100 -> 1.99 | N4: =ROUND(SUMIFS(repasse_ac!$J:$J,repasse_ac!$A:$A,$A4,repasse_ac!$F:$F,$D4,repasse_ac!$I:$I,"TTC PRÉ"),2) -> 1.89 | O4: =ROUND(SUMIFS(repasse_ac!$J:$J,repasse_ac!$A:$A,$A4,repasse_ac!$F:$F,$D4,repasse_ac!$I:$I,"TTC PÓS"),2) -> 1.99 | P4: =O4-N4 -> 0.1 | Q4: =ROUND(SUMIFS(repasse_ac!$N:$N,repasse_ac!$A:$A,$A4,repasse_ac!$F:$F,$D4,repasse_ac!$I:$I,"TTC PRÉ"),2) -> 1.79 | R4: =ROUND(SUMIFS(repasse_ac!$N:$N,repasse_ac!$A:$A,$A4,repasse_ac!$F:$F,$D4,repasse_ac!$I:$I,"TTC PÓS"),2) -> 1.89 | S4: =R4-Q4 -> 0.1
A5: AM | B5: GEO CO | C5: PET 200 | D5: SLA P200 | E5: =_xlfn.XLOOKUP($D5,depara_repasse!E:E,depara_repasse!K:K) -> 12 | F5: =ROUND(SUMIFS(repasse_ac!$R:$R,repasse_ac!$A:$A,$A5,repasse_ac!$F:$F,$D5,repasse_ac!$I:$I,"TTC PRÉ"),2) -> 1.62 | G5: =ROUND(SUMIFS(repasse_ac!$R:$R,repasse_ac!$A:$A,$A5,repasse_ac!$F:$F,$D5,repasse_ac!$I:$I,"TTC PÓS"),2) -> 1.71 | H5: =G5-F5 -> 0.09 | I5: =(ROUNDDOWN(ROUND(G5*(1+0.2),2)*100/10,0)*10+IF(MOD(ROUND(G5*(1+0.2),2)*100,10)>4,9,-1))/100 -> 2.09 | J5: =ROUND(SUMIFS(repasse_ac!$P:$P,repasse_ac!$A:$A,$A5,repasse_ac!$F:$F,$D5,repasse_ac!$I:$I,"TTC PRÉ"),2) -> 1.59 | K5: =ROUND(SUMIFS(repasse_ac!$P:$P,repasse_ac!$A:$A,$A5,repasse_ac!$F:$F,$D5,repasse_ac!$I:$I,"TTC PÓS"),2) -> 1.67 | L5: =K5-J5 -> 0.08 | M5: =(ROUNDDOWN(ROUND(K5*(1+0.2),2)*100/10,0)*10+IF(MOD(ROUND(K5*(1+0.2),2)*100,10)>4,9,-1))/100 -> 1.99 | N5: =ROUND(SUMIFS(repasse_ac!$J:$J,repasse_ac!$A:$A,$A5,repasse_ac!$F:$F,$D5,repasse_ac!$I:$I,"TTC PRÉ"),2) -> 1.89 | O5: =ROUND(SUMIFS(repasse_ac!$J:$J,repasse_ac!$A:$A,$A5,repasse_ac!$F:$F,$D5,repasse_ac!$I:$I,"TTC PÓS"),2) -> 1.99 | P5: =O5-N5 -> 0.1 | Q5: =ROUND(SUMIFS(repasse_ac!$N:$N,repasse_ac!$A:$A,$A5,repasse_ac!$F:$F,$D5,repasse_ac!$I:$I,"TTC PRÉ"),2) -> 1.79 | R5: =ROUND(SUMIFS(repasse_ac!$N:$N,repasse_ac!$A:$A,$A5,repasse_ac!$F:$F,$D5,repasse_ac!$I:$I,"TTC PÓS"),2) -> 1.89 | S5: =R5-Q5 -> 0.1
A6: AM | B6: GEO CO | C6: PET 200 | D6: SAB P200 | E6: =_xlfn.XLOOKUP($D6,depara_repasse!E:E,depara_repasse!K:K) -> 12 | F6: =ROUND(SUMIFS(repasse_ac!$R:$R,repasse_ac!$A:$A,$A6,repasse_ac!$F:$F,$D6,repasse_ac!$I:$I,"TTC PRÉ"),2) -> 1.62 | G6: =ROUND(SUMIFS(repasse_ac!$R:$R,repasse_ac!$A:$A,$A6,repasse_ac!$F:$F,$D6,repasse_ac!$I:$I,"TTC PÓS"),2) -> 1.71 | H6: =G6-F6 -> 0.09 | I6: =(ROUNDDOWN(ROUND(G6*(1+0.2),2)*100/10,0)*10+IF(MOD(ROUND(G6*(1+0.2),2)*100,10)>4,9,-1))/100 -> 2.09 | J6: =ROUND(SUMIFS(repasse_ac!$P:$P,repasse_ac!$A:$A,$A6,repasse_ac!$F:$F,$D6,repasse_ac!$I:$I,"TTC PRÉ"),2) -> 1.59 | K6: =ROUND(SUMIFS(repasse_ac!$P:$P,repasse_ac!$A:$A,$A6,repasse_ac!$F:$F,$D6,repasse_ac!$I:$I,"TTC PÓS"),2) -> 1.67 | L6: =K6-J6 -> 0.08 | M6: =(ROUNDDOWN(ROUND(K6*(1+0.2),2)*100/10,0)*10+IF(MOD(ROUND(K6*(1+0.2),2)*100,10)>4,9,-1))/100 -> 1.99 | N6: =ROUND(SUMIFS(repasse_ac!$J:$J,repasse_ac!$A:$A,$A6,repasse_ac!$F:$F,$D6,repasse_ac!$I:$I,"TTC PRÉ"),2) -> 1.89 | O6: =ROUND(SUMIFS(repasse_ac!$J:$J,repasse_ac!$A:$A,$A6,repasse_ac!$F:$F,$D6,repasse_ac!$I:$I,"TTC PÓS"),2) -> 1.99 | P6: =O6-N6 -> 0.1 | Q6: =ROUND(SUMIFS(repasse_ac!$N:$N,repasse_ac!$A:$A,$A6,repasse_ac!$F:$F,$D6,repasse_ac!$I:$I,"TTC PRÉ"),2) -> 1.79 | R6: =ROUND(SUMIFS(repasse_ac!$N:$N,repasse_ac!$A:$A,$A6,repasse_ac!$F:$F,$D6,repasse_ac!$I:$I,"TTC PÓS"),2) -> 1.89 | S6: =R6-Q6 -> 0.1
A7: AM | B7: GEO CO | C7: LATA 269 | D7: GCA LT269 | E7: 15 | F7: =ROUND(SUMIFS(repasse_ac!$R:$R,repasse_ac!$A:$A,$A7,repasse_ac!$F:$F,$D7,repasse_ac!$I:$I,"TTC PRÉ"),2) -> 2.19 | G7: =ROUND(SUMIFS(repasse_ac!$R:$R,repasse_ac!$A:$A,$A7,repasse_ac!$F:$F,$D7,repasse_ac!$I:$I,"TTC PÓS"),2) -> 2.19 | H7: =G7-F7 -> 0 | I7: =(ROUNDDOWN(ROUND(G7*(1+0.2),2)*100/10,0)*10+IF(MOD(ROUND(G7*(1+0.2),2)*100,10)>4,9,-1))/100 -> 2.59 | J7: =ROUND(SUMIFS(repasse_ac!$P:$P,repasse_ac!$A:$A,$A7,repasse_ac!$F:$F,$D7,repasse_ac!$I:$I,"TTC PRÉ"),2) -> 2.09 | K7: =ROUND(SUMIFS(repasse_ac!$P:$P,repasse_ac!$A:$A,$A7,repasse_ac!$F:$F,$D7,repasse_ac!$I:$I,"TTC PÓS"),2) -> 2.09 | L7: =K7-J7 -> 0 | M7: =(ROUNDDOWN(ROUND(K7*(1+0.2),2)*100/10,0)*10+IF(MOD(ROUND(K7*(1+0.2),2)*100,10)>4,9,-1))/100 -> 2.49 | N7: =ROUND(SUMIFS(repasse_ac!$J:$J,repasse_ac!$A:$A,$A7,repasse_ac!$F:$F,$D7,repasse_ac!$I:$I,"TTC PRÉ"),2) -> 2.49 | O7: =ROUND(SUMIFS(repasse_ac!$J:$J,repasse_ac!$A:$A,$A7,repasse_ac!$F:$F,$D7,repasse_ac!$I:$I,"TTC PÓS"),2) -> 2.49 | P7: =O7-N7 -> 0 | Q7: =ROUND(SUMIFS(repasse_ac!$N:$N,repasse_ac!$A:$A,$A7,repasse_ac!$F:$F,$D7,repasse_ac!$I:$I,"TTC PRÉ"),2) -> 2.29 | R7: =ROUND(SUMIFS(repasse_ac!$N:$N,repasse_ac!$A:$A,$A7,repasse_ac!$F:$F,$D7,repasse_ac!$I:$I,"TTC PÓS"),2) -> 2.29 | S7: =R7-Q7 -> 0
A8: AM | B8: GEO CO | C8: LATA 269 | D8: PC LT269 | E8: =_xlfn.XLOOKUP($D8,depara_repasse!E:E,depara_repasse!K:K) -> 15 | F8: =ROUND(SUMIFS(repasse_ac!$R:$R,repasse_ac!$A:$A,$A8,repasse_ac!$F:$F,$D8,repasse_ac!$I:$I,"TTC PRÉ"),2) -> 2.19 | G8: =ROUND(SUMIFS(repasse_ac!$R:$R,repasse_ac!$A:$A,$A8,repasse_ac!$F:$F,$D8,repasse_ac!$I:$I,"TTC PÓS"),2) -> 2.19 | H8: =G8-F8 -> 0 | I8: =(ROUNDDOWN(ROUND(G8*(1+0.2),2)*100/10,0)*10+IF(MOD(ROUND(G8*(1+0.2),2)*100,10)>4,9,-1))/100 -> 2.59 | J8: =ROUND(SUMIFS(repasse_ac!$P:$P,repasse_ac!$A:$A,$A8,repasse_ac!$F:$F,$D8,repasse_ac!$I:$I,"TTC PRÉ"),2) -> 2.09 | K8: =ROUND(SUMIFS(repasse_ac!$P:$P,repasse_ac!$A:$A,$A8,repasse_ac!$F:$F,$D8,repasse_ac!$I:$I,"TTC PÓS"),2) -> 2.15 | L8: =K8-J8 -> 0.06 | M8: =(ROUNDDOWN(ROUND(K8*(1+0.2),2)*100/10,0)*10+IF(MOD(ROUND(K8*(1+0.2),2)*100,10)>4,9,-1))/100 -> 2.59 | N8: =ROUND(SUMIFS(repasse_ac!$J:$J,repasse_ac!$A:$A,$A8,repasse_ac!$F:$F,$D8,repasse_ac!$I:$I,"TTC PRÉ"),2) -> 2.49 | O8: =ROUND(SUMIFS(repasse_ac!$J:$J,repasse_ac!$A:$A,$A8,repasse_ac!$F:$F,$D8,repasse_ac!$I:$I,"TTC PÓS"),2) -> 2.59 | P8: =O8-N8 -> 0.1 | Q8: =ROUND(SUMIFS(repasse_ac!$N:$N,repasse_ac!$A:$A,$A8,repasse_ac!$F:$F,$D8,repasse_ac!$I:$I,"TTC PRÉ"),2) -> 2.29 | R8: =ROUND(SUMIFS(repasse_ac!$N:$N,repasse_ac!$A:$A,$A8,repasse_ac!$F:$F,$D8,repasse_ac!$I:$I,"TTC PÓS"),2) -> 2.29 | S8: =R8-Q8 -> 0
A9: AM | B9: GEO CO | C9: LATA 269 | D9: TA LT269 | E9: =_xlfn.XLOOKUP($D9,depara_repasse!E:E,depara_repasse!K:K) -> 15 | F9: =ROUND(SUMIFS(repasse_ac!$R:$R,repasse_ac!$A:$A,$A9,repasse_ac!$F:$F,$D9,repasse_ac!$I:$I,"TTC PRÉ"),2) -> 2.25 | G9: =ROUND(SUMIFS(repasse_ac!$R:$R,repasse_ac!$A:$A,$A9,repasse_ac!$F:$F,$D9,repasse_ac!$I:$I,"TTC PÓS"),2) -> 2.25 | H9: =G9-F9 -> 0 | I9: =(ROUNDDOWN(ROUND(G9*(1+0.2),2)*100/10,0)*10+IF(MOD(ROUND(G9*(1+0.2),2)*100,10)>4,9,-1))/100 -> 2.69 | J9: =ROUND(SUMIFS(repasse_ac!$P:$P,repasse_ac!$A:$A,$A9,repasse_ac!$F:$F,$D9,repasse_ac!$I:$I,"TTC PRÉ"),2) -> 2.09 | K9: =ROUND(SUMIFS(repasse_ac!$P:$P,repasse_ac!$A:$A,$A9,repasse_ac!$F:$F,$D9,repasse_ac!$I:$I,"TTC PÓS"),2) -> 2.17 | L9: =K9-J9 -> 0.08 | M9: =(ROUNDDOWN(ROUND(K9*(1+0.2),2)*100/10,0)*10+IF(MOD(ROUND(K9*(1+0.2),2)*100,10)>4,9,-1))/100 -> 2.59 | N9: =ROUND(SUMIFS(repasse_ac!$J:$J,repasse_ac!$A:$A,$A9,repasse_ac!$F:$F,$D9,repasse_ac!$I:$I,"TTC PRÉ"),2) -> 2.49 | O9: =ROUND(SUMIFS(repasse_ac!$J:$J,repasse_ac!$A:$A,$A9,repasse_ac!$F:$F,$D9,repasse_ac!$I:$I,"TTC PÓS"),2) -> 2.59 | P9: =O9-N9 -> 0.1 | Q9: =ROUND(SUMIFS(repasse_ac!$N:$N,repasse_ac!$A:$A,$A9,repasse_ac!$F:$F,$D9,repasse_ac!$I:$I,"TTC PRÉ"),2) -> 2.49 | R9: =ROUND(SUMIFS(repasse_ac!$N:$N,repasse_ac!$A:$A,$A9,repasse_ac!$F:$F,$D9,repasse_ac!$I:$I,"TTC PÓS"),2) -> 2.49 | S9: =R9-Q9 -> 0
A10: AM | B10: GEO CO | C10: LATA 310 | D10: GCA LT310 | E10: 12 | F10: =ROUND(SUMIFS(repasse_ac!$R:$R,repasse_ac!$A:$A,$A10,repasse_ac!$F:$F,$D10,repasse_ac!$I:$I,"TTC PRÉ"),2) -> 2.09 | G10: =ROUND(SUMIFS(repasse_ac!$R:$R,repasse_ac!$A:$A,$A10,repasse_ac!$F:$F,$D10,repasse_ac!$I:$I,"TTC PÓS"),2) -> 2.09 | H10: =G10-F10 -> 0 | I10: =(ROUNDDOWN(ROUND(G10*(1+0.2),2)*100/10,0)*10+IF(MOD(ROUND(G10*(1+0.2),2)*100,10)>4,9,-1))/100 -> 2.49 | J10: =ROUND(SUMIFS(repasse_ac!$P:$P,repasse_ac!$A:$A,$A10,repasse_ac!$F:$F,$D10,repasse_ac!$I:$I,"TTC PRÉ"),2) -> 1.92 | K10: =ROUND(SUMIFS(repasse_ac!$P:$P,repasse_ac!$A:$A,$A10,repasse_ac!$F:$F,$D10,repasse_ac!$I:$I,"TTC PÓS"),2) -> 1.92 | L10: =K10-J10 -> 0 | M10: =(ROUNDDOWN(ROUND(K10*(1+0.2),2)*100/10,0)*10+IF(MOD(ROUND(K10*(1+0.2),2)*100,10)>4,9,-1))/100 -> 2.39 | N10: =ROUND(SUMIFS(repasse_ac!$J:$J,repasse_ac!$A:$A,$A10,repasse_ac!$F:$F,$D10,repasse_ac!$I:$I,"TTC PRÉ"),2) -> 2.29 | O10: =ROUND(SUMIFS(repasse_ac!$J:$J,repasse_ac!$A:$A,$A10,repasse_ac!$F:$F,$D10,repasse_ac!$I:$I,"TTC PÓS"),2) -> 2.29 | P10: =O10-N10 -> 0 | Q10: =ROUND(SUMIFS(repasse_ac!$N:$N,repasse_ac!$A:$A,$A10,repasse_ac!$F:$F,$D10,repasse_ac!$I:$I,"TTC PRÉ"),2) -> 2.19 | R10: =ROUND(SUMIFS(repasse_ac!$N:$N,repasse_ac!$A:$A,$A10,repasse_ac!$F:$F,$D10,repasse_ac!$I:$I,"TTC PÓS"),2) -> 2.19 | S10: =R10-Q10 -> 0
A11: AM | B11: GEO CO | C11: LATA 310 | D11: PC LT310 | E11: =_xlfn.XLOOKUP($D11,depara_repasse!E:E,depara_repasse!K:K) -> 15 | F11: =ROUND(SUMIFS(repasse_ac!$R:$R,repasse_ac!$A:$A,$A11,repasse_ac!$F:$F,$D11,repasse_ac!$I:$I,"TTC PRÉ"),2) -> 2.09 | G11: =ROUND(SUMIFS(repasse_ac!$R:$R,repasse_ac!$A:$A,$A11,repasse_ac!$F:$F,$D11,repasse_ac!$I:$I,"TTC PÓS"),2) -> 2.09 | H11: =G11-F11 -> 0 | I11: =(ROUNDDOWN(ROUND(G11*(1+0.2),2)*100/10,0)*10+IF(MOD(ROUND(G11*(1+0.2),2)*100,10)>4,9,-1))/100 -> 2.49 | J11: =ROUND(SUMIFS(repasse_ac!$P:$P,repasse_ac!$A:$A,$A11,repasse_ac!$F:$F,$D11,repasse_ac!$I:$I,"TTC PRÉ"),2) -> 1.92 | K11: =ROUND(SUMIFS(repasse_ac!$P:$P,repasse_ac!$A:$A,$A11,repasse_ac!$F:$F,$D11,repasse_ac!$I:$I,"TTC PÓS"),2) -> 1.92 | L11: =K11-J11 -> 0 | M11: =(ROUNDDOWN(ROUND(K11*(1+0.2),2)*100/10,0)*10+IF(MOD(ROUND(K11*(1+0.2),2)*100,10)>4,9,-1))/100 -> 2.39 | N11: =ROUND(SUMIFS(repasse_ac!$J:$J,repasse_ac!$A:$A,$A11,repasse_ac!$F:$F,$D11,repasse_ac!$I:$I,"TTC PRÉ"),2) -> 2.29 | O11: =ROUND(SUMIFS(repasse_ac!$J:$J,repasse_ac!$A:$A,$A11,repasse_ac!$F:$F,$D11,repasse_ac!$I:$I,"TTC PÓS"),2) -> 2.29 | P11: =O11-N11 -> 0 | Q11: =ROUND(SUMIFS(repasse_ac!$N:$N,repasse_ac!$A:$A,$A11,repasse_ac!$F:$F,$D11,repasse_ac!$I:$I,"TTC PRÉ"),2) -> 2.19 | R11: =ROUND(SUMIFS(repasse_ac!$N:$N,repasse_ac!$A:$A,$A11,repasse_ac!$F:$F,$D11,repasse_ac!$I:$I,"TTC PÓS"),2) -> 2.19 | S11: =R11-Q11 -> 0
A12: AM | B12: GEO CO | C12: LATA 350 | D12: GCA LT350 | E12: =_xlfn.XLOOKUP($D12,depara_repasse!E:E,depara_repasse!K:K) -> 12 | F12: =ROUND(SUMIFS(repasse_ac!$R:$R,repasse_ac!$A:$A,$A12,repasse_ac!$F:$F,$D12,repasse_ac!$I:$I,"TTC PRÉ"),2) -> 3.06 | G12: =ROUND(SUMIFS(repasse_ac!$R:$R,repasse_ac!$A:$A,$A12,repasse_ac!$F:$F,$D12,repasse_ac!$I:$I,"TTC PÓS"),2) -> 3.06 | H12: =G12-F12 -> 0 | I12: =(ROUNDDOWN(ROUND(G12*(1+0.2),2)*100/10,0)*10+IF(MOD(ROUND(G12*(1+0.2),2)*100,10)>4,9,-1))/100 -> 3.69 | J12: =ROUND(SUMIFS(repasse_ac!$P:$P,repasse_ac!$A:$A,$A12,repasse_ac!$F:$F,$D12,repasse_ac!$I:$I,"TTC PRÉ"),2) -> 2.92 | K12: =ROUND(SUMIFS(repasse_ac!$P:$P,repasse_ac!$A:$A,$A12,repasse_ac!$F:$F,$D12,repasse_ac!$I:$I,"TTC PÓS"),2) -> 2.92 | L12: =K12-J12 -> 0 | M12: =(ROUNDDOWN(ROUND(K12*(1+0.2),2)*100/10,0)*10+IF(MOD(ROUND(K12*(1+0.2),2)*100,10)>4,9,-1))/100 -> 3.49 | N12: =ROUND(SUMIFS(repasse_ac!$J:$J,repasse_ac!$A:$A,$A12,repasse_ac!$F:$F,$D12,repasse_ac!$I:$I,"TTC PRÉ"),2) -> 3.49 | O12: =ROUND(SUMIFS(repasse_ac!$J:$J,repasse_ac!$A:$A,$A12,repasse_ac!$F:$F,$D12,repasse_ac!$I:$I,"TTC PÓS"),2) -> 3.49 | P12: =O12-N12 -> 0 | Q12: =ROUND(SUMIFS(repasse_ac!$N:$N,repasse_ac!$A:$A,$A12,repasse_ac!$F:$F,$D12,repasse_ac!$I:$I,"TTC PRÉ"),2) -> 3.39 | R12: =ROUND(SUMIFS(repasse_ac!$N:$N,repasse_ac!$A:$A,$A12,repasse_ac!$F:$F,$D12,repasse_ac!$I:$I,"TTC PÓS"),2) -> 3.39 | S12: =R12-Q12 -> 0
A13: AM | B13: GEO CO | C13: LATA 350 | D13: GCAD LT350 | E13: =_xlfn.XLOOKUP($D13,depara_repasse!E:E,depara_repasse!K:K) -> 12 | F13: =ROUND(SUMIFS(repasse_ac!$R:$R,repasse_ac!$A:$A,$A13,repasse_ac!$F:$F,$D13,repasse_ac!$I:$I,"TTC PRÉ"),2) -> 3.06 | G13: =ROUND(SUMIFS(repasse_ac!$R:$R,repasse_ac!$A:$A,$A13,repasse_ac!$F:$F,$D13,repasse_ac!$I:$I,"TTC PÓS"),2) -> 3.06 | H13: =G13-F13 -> 0 | I13: =(ROUNDDOWN(ROUND(G13*(1+0.2),2)*100/10,0)*10+IF(MOD(ROUND(G13*(1+0.2),2)*100,10)>4,9,-1))/100 -> 3.69 | J13: =ROUND(SUMIFS(repasse_ac!$P:$P,repasse_ac!$A:$A,$A13,repasse_ac!$F:$F,$D13,repasse_ac!$I:$I,"TTC PRÉ"),2) -> 2.92 | K13: =ROUND(SUMIFS(repasse_ac!$P:$P,repasse_ac!$A:$A,$A13,repasse_ac!$F:$F,$D13,repasse_ac!$I:$I,"TTC PÓS"),2) -> 2.92 | L13: =K13-J13 -> 0 | M13: =(ROUNDDOWN(ROUND(K13*(1+0.2),2)*100/10,0)*10+IF(MOD(ROUND(K13*(1+0.2),2)*100,10)>4,9,-1))/100 -> 3.49 | N13: =ROUND(SUMIFS(repasse_ac!$J:$J,repasse_ac!$A:$A,$A13,repasse_ac!$F:$F,$D13,repasse_ac!$I:$I,"TTC PRÉ"),2) -> 3.49 | O13: =ROUND(SUMIFS(repasse_ac!$J:$J,repasse_ac!$A:$A,$A13,repasse_ac!$F:$F,$D13,repasse_ac!$I:$I,"TTC PÓS"),2) -> 3.49 | P13: =O13-N13 -> 0 | Q13: =ROUND(SUMIFS(repasse_ac!$N:$N,repasse_ac!$A:$A,$A13,repasse_ac!$F:$F,$D13,repasse_ac!$I:$I,"TTC PRÉ"),2) -> 3.39 | R13: =ROUND(SUMIFS(repasse_ac!$N:$N,repasse_ac!$A:$A,$A13,repasse_ac!$F:$F,$D13,repasse_ac!$I:$I,"TTC PÓS"),2) -> 3.39 | S13: =R13-Q13 -> 0
A14: AM | B14: GEO CO | C14: LATA 350 | D14: PC LT350 | E14: =_xlfn.XLOOKUP($D14,depara_repasse!E:E,depara_repasse!K:K) -> 12 | F14: =ROUND(SUMIFS(repasse_ac!$R:$R,repasse_ac!$A:$A,$A14,repasse_ac!$F:$F,$D14,repasse_ac!$I:$I,"TTC PRÉ"),2) -> 2.96 | G14: =ROUND(SUMIFS(repasse_ac!$R:$R,repasse_ac!$A:$A,$A14,repasse_ac!$F:$F,$D14,repasse_ac!$I:$I,"TTC PÓS"),2) -> 2.96 | H14: =G14-F14 -> 0 | I14: =(ROUNDDOWN(ROUND(G14*(1+0.2),2)*100/10,0)*10+IF(MOD(ROUND(G14*(1+0.2),2)*100,10)>4,9,-1))/100 -> 3.59 | J14: =ROUND(SUMIFS(repasse_ac!$P:$P,repasse_ac!$A:$A,$A14,repasse_ac!$F:$F,$D14,repasse_ac!$I:$I,"TTC PRÉ"),2) -> 2.91 | K14: =ROUND(SUMIFS(repasse_ac!$P:$P,repasse_ac!$A:$A,$A14,repasse_ac!$F:$F,$D14,repasse_ac!$I:$I,"TTC PÓS"),2) -> 2.83 | L14: =K14-J14 -> -0.08 | M14: =(ROUNDDOWN(ROUND(K14*(1+0.2),2)*100/10,0)*10+IF(MOD(ROUND(K14*(1+0.2),2)*100,10)>4,9,-1))/100 -> 3.39 | N14: =ROUND(SUMIFS(repasse_ac!$J:$J,repasse_ac!$A:$A,$A14,repasse_ac!$F:$F,$D14,repasse_ac!$I:$I,"TTC PRÉ"),2) -> 3.49 | O14: =ROUND(SUMIFS(repasse_ac!$J:$J,repasse_ac!$A:$A,$A14,repasse_ac!$F:$F,$D14,repasse_ac!$I:$I,"TTC PÓS"),2) -> 3.39 | P14: =O14-N14 -> -0.1 | Q14: =ROUND(SUMIFS(repasse_ac!$N:$N,repasse_ac!$A:$A,$A14,repasse_ac!$F:$F,$D14,repasse_ac!$I:$I,"TTC PRÉ"),2) -> 3.29 | R14: =ROUND(SUMIFS(repasse_ac!$N:$N,repasse_ac!$A:$A,$A14,repasse_ac!$F:$F,$D14,repasse_ac!$I:$I,"TTC PÓS"),2) -> 3.29 | S14: =R14-Q14 -> 0
A15: AM | B15: GEO CO | C15: LATA 350 | D15: SLA LT350 | E15: =_xlfn.XLOOKUP($D15,depara_repasse!E:E,depara_repasse!K:K) -> 12 | F15: =ROUND(SUMIFS(repasse_ac!$R:$R,repasse_ac!$A:$A,$A15,repasse_ac!$F:$F,$D15,repasse_ac!$I:$I,"TTC PRÉ"),2) -> 2.96 | G15: =ROUND(SUMIFS(repasse_ac!$R:$R,repasse_ac!$A:$A,$A15,repasse_ac!$F:$F,$D15,repasse_ac!$I:$I,"TTC PÓS"),2) -> 2.96 | H15: =G15-F15 -> 0 | I15: =(ROUNDDOWN(ROUND(G15*(1+0.2),2)*100/10,0)*10+IF(MOD(ROUND(G15*(1+0.2),2)*100,10)>4,9,-1))/100 -> 3.59 | J15: =ROUND(SUMIFS(repasse_ac!$P:$P,repasse_ac!$A:$A,$A15,repasse_ac!$F:$F,$D15,repasse_ac!$I:$I,"TTC PRÉ"),2) -> 2.91 | K15: =ROUND(SUMIFS(repasse_ac!$P:$P,repasse_ac!$A:$A,$A15,repasse_ac!$F:$F,$D15,repasse_ac!$I:$I,"TTC PÓS"),2) -> 2.83 | L15: =K15-J15 -> -0.08 | M15: =(ROUNDDOWN(ROUND(K15*(1+0.2),2)*100/10,0)*10+IF(MOD(ROUND(K15*(1+0.2),2)*100,10)>4,9,-1))/100 -> 3.39 | N15: =ROUND(SUMIFS(repasse_ac!$J:$J,repasse_ac!$A:$A,$A15,repasse_ac!$F:$F,$D15,repasse_ac!$I:$I,"TTC PRÉ"),2) -> 3.49 | O15: =ROUND(SUMIFS(repasse_ac!$J:$J,repasse_ac!$A:$A,$A15,repasse_ac!$F:$F,$D15,repasse_ac!$I:$I,"TTC PÓS"),2) -> 3.39 | P15: =O15-N15 -> -0.1 | Q15: =ROUND(SUMIFS(repasse_ac!$N:$N,repasse_ac!$A:$A,$A15,repasse_ac!$F:$F,$D15,repasse_ac!$I:$I,"TTC PRÉ"),2) -> 3.29 | R15: =ROUND(SUMIFS(repasse_ac!$N:$N,repasse_ac!$A:$A,$A15,repasse_ac!$F:$F,$D15,repasse_ac!$I:$I,"TTC PÓS"),2) -> 3.29 | S15: =R15-Q15 -> 0
A16: AM | B16: GEO CO | C16: LATA 350 | D16: SAB LT350 | E16: =_xlfn.XLOOKUP($D16,depara_repasse!E:E,depara_repasse!K:K) -> 12 | F16: =ROUND(SUMIFS(repasse_ac!$R:$R,repasse_ac!$A:$A,$A16,repasse_ac!$F:$F,$D16,repasse_ac!$I:$I,"TTC PRÉ"),2) -> 2.96 | G16: =ROUND(SUMIFS(repasse_ac!$R:$R,repasse_ac!$A:$A,$A16,repasse_ac!$F:$F,$D16,repasse_ac!$I:$I,"TTC PÓS"),2) -> 2.96 | H16: =G16-F16 -> 0 | I16: =(ROUNDDOWN(ROUND(G16*(1+0.2),2)*100/10,0)*10+IF(MOD(ROUND(G16*(1+0.2),2)*100,10)>4,9,-1))/100 -> 3.59 | J16: =ROUND(SUMIFS(repasse_ac!$P:$P,repasse_ac!$A:$A,$A16,repasse_ac!$F:$F,$D16,repasse_ac!$I:$I,"TTC PRÉ"),2) -> 2.91 | K16: =ROUND(SUMIFS(repasse_ac!$P:$P,repasse_ac!$A:$A,$A16,repasse_ac!$F:$F,$D16,repasse_ac!$I:$I,"TTC PÓS"),2) -> 2.83 | L16: =K16-J16 -> -0.08 | M16: =(ROUNDDOWN(ROUND(K16*(1+0.2),2)*100/10,0)*10+IF(MOD(ROUND(K16*(1+0.2),2)*100,10)>4,9,-1))/100 -> 3.39 | N16: =ROUND(SUMIFS(repasse_ac!$J:$J,repasse_ac!$A:$A,$A16,repasse_ac!$F:$F,$D16,repasse_ac!$I:$I,"TTC PRÉ"),2) -> 3.49 | O16: =ROUND(SUMIFS(repasse_ac!$J:$J,repasse_ac!$A:$A,$A16,repasse_ac!$F:$F,$D16,repasse_ac!$I:$I,"TTC PÓS"),2) -> 3.39 | P16: =O16-N16 -> -0.1 | Q16: =ROUND(SUMIFS(repasse_ac!$N:$N,repasse_ac!$A:$A,$A16,repasse_ac!$F:$F,$D16,repasse_ac!$I:$I,"TTC PRÉ"),2) -> 3.29 | R16: =ROUND(SUMIFS(repasse_ac!$N:$N,repasse_ac!$A:$A,$A16,repasse_ac!$F:$F,$D16,repasse_ac!$I:$I,"TTC PÓS"),2) -> 3.29 | S16: =R16-Q16 -> 0
A17: AM | B17: GEO CO | C17: LATA 350 | D17: TA LT350 | E17: =_xlfn.XLOOKUP($D17,depara_repasse!E:E,depara_repasse!K:K) -> 12 | F17: =ROUND(SUMIFS(repasse_ac!$R:$R,repasse_ac!$A:$A,$A17,repasse_ac!$F:$F,$D17,repasse_ac!$I:$I,"TTC PRÉ"),2) -> 3.33 | G17: =ROUND(SUMIFS(repasse_ac!$R:$R,repasse_ac!$A:$A,$A17,repasse_ac!$F:$F,$D17,repasse_ac!$I:$I,"TTC PÓS"),2) -> 3.33 | H17: =G17-F17 -> 0 | I17: =(ROUNDDOWN(ROUND(G17*(1+0.2),2)*100/10,0)*10+IF(MOD(ROUND(G17*(1+0.2),2)*100,10)>4,9,-1))/100 -> 3.99 | J17: =ROUND(SUMIFS(repasse_ac!$P:$P,repasse_ac!$A:$A,$A17,repasse_ac!$F:$F,$D17,repasse_ac!$I:$I,"TTC PRÉ"),2) -> 2.92 | K17: =ROUND(SUMIFS(repasse_ac!$P:$P,repasse_ac!$A:$A,$A17,repasse_ac!$F:$F,$D17,repasse_ac!$I:$I,"TTC PÓS"),2) -> 2.92 | L17: =K17-J17 -> 0 | M17: =(ROUNDDOWN(ROUND(K17*(1+0.2),2)*100/10,0)*10+IF(MOD(ROUND(K17*(1+0.2),2)*100,10)>4,9,-1))/100 -> 3.49 | N17: =ROUND(SUMIFS(repasse_ac!$J:$J,repasse_ac!$A:$A,$A17,repasse_ac!$F:$F,$D17,repasse_ac!$I:$I,"TTC PRÉ"),2) -> 3.49 | O17: =ROUND(SUMIFS(repasse_ac!$J:$J,repasse_ac!$A:$A,$A17,repasse_ac!$F:$F,$D17,repasse_ac!$I:$I,"TTC PÓS"),2) -> 3.49 | P17: =O17-N17 -> 0 | Q17: =ROUND(SUMIFS(repasse_ac!$N:$N,repasse_ac!$A:$A,$A17,repasse_ac!$F:$F,$D17,repasse_ac!$I:$I,"TTC PRÉ"),2) -> 3.49 | R17: =ROUND(SUMIFS(repasse_ac!$N:$N,repasse_ac!$A:$A,$A17,repasse_ac!$F:$F,$D17,repasse_ac!$I:$I,"TTC PÓS"),2) -> 3.49 | S17: =R17-Q17 -> 0
A18: AM | B18: GEO CO | C18: LATA 350 | D18: PACK 18 | E18: =_xlfn.XLOOKUP($D18,depara_repasse!E:E,depara_repasse!K:K) -> 18 | F18: =ROUND(SUMIFS(repasse_ac!$R:$R,repasse_ac!$A:$A,$A18,repasse_ac!$F:$F,$D18,repasse_ac!$I:$I,"TTC PRÉ"),2) -> 0 | G18: =ROUND(SUMIFS(repasse_ac!$R:$R,repasse_ac!$A:$A,$A18,repasse_ac!$F:$F,$D18,repasse_ac!$I:$I,"TTC PÓS"),2) -> 0 | H18: =G18-F18 -> 0 | I18: =(ROUNDDOWN(ROUND(G18*(1+0.2),2)*100/10,0)*10+IF(MOD(ROUND(G18*(1+0.2),2)*100,10)>4,9,-1))/100 -> -0.01 | J18: =ROUND(SUMIFS(repasse_ac!$P:$P,repasse_ac!$A:$A,$A18,repasse_ac!$F:$F,$D18,repasse_ac!$I:$I,"TTC PRÉ"),2) -> 0 | K18: =ROUND(SUMIFS(repasse_ac!$P:$P,repasse_ac!$A:$A,$A18,repasse_ac!$F:$F,$D18,repasse_ac!$I:$I,"TTC PÓS"),2) -> 0 | L18: =K18-J18 -> 0 | M18: =(ROUNDDOWN(ROUND(K18*(1+0.2),2)*100/10,0)*10+IF(MOD(ROUND(K18*(1+0.2),2)*100,10)>4,9,-1))/100 -> -0.01 | N18: =ROUND(SUMIFS(repasse_ac!$J:$J,repasse_ac!$A:$A,$A18,repasse_ac!$F:$F,$D18,repasse_ac!$I:$I,"TTC PRÉ"),2) -> 0 | O18: =ROUND(SUMIFS(repasse_ac!$J:$J,repasse_ac!$A:$A,$A18,repasse_ac!$F:$F,$D18,repasse_ac!$I:$I,"TTC PÓS"),2) -> 0 | P18: =O18-N18 -> 0 | Q18: =ROUND(SUMIFS(repasse_ac!$N:$N,repasse_ac!$A:$A,$A18,repasse_ac!$F:$F,$D18,repasse_ac!$I:$I,"TTC PRÉ"),2) -> 0 | R18: =ROUND(SUMIFS(repasse_ac!$N:$N,repasse_ac!$A:$A,$A18,repasse_ac!$F:$F,$D18,repasse_ac!$I:$I,"TTC PÓS"),2) -> 0 | S18: =R18-Q18 -> 0
A19: AM | B19: GEO CO | C19: PET 500 | D19: H2OH P500 | E19: =_xlfn.XLOOKUP($D19,depara_repasse!E:E,depara_repasse!K:K) -> 12 | F19: =ROUND(SUMIFS(repasse_ac!$R:$R,repasse_ac!$A:$A,$A19,repasse_ac!$F:$F,$D19,repasse_ac!$I:$I,"TTC PRÉ"),2) -> 4.31 | G19: =ROUND(SUMIFS(repasse_ac!$R:$R,repasse_ac!$A:$A,$A19,repasse_ac!$F:$F,$D19,repasse_ac!$I:$I,"TTC PÓS"),2) -> 4.31 | H19: =G19-F19 -> 0 | I19: =(ROUNDDOWN(ROUND(G19*(1+0.2),2)*100/10,0)*10+IF(MOD(ROUND(G19*(1+0.2),2)*100,10)>4,9,-1))/100 -> 5.19 | J19: =ROUND(SUMIFS(repasse_ac!$P:$P,repasse_ac!$A:$A,$A19,repasse_ac!$F:$F,$D19,repasse_ac!$I:$I,"TTC PRÉ"),2) -> 4.16 | K19: =ROUND(SUMIFS(repasse_ac!$P:$P,repasse_ac!$A:$A,$A19,repasse_ac!$F:$F,$D19,repasse_ac!$I:$I,"TTC PÓS"),2) -> 4.16 | L19: =K19-J19 -> 0 | M19: =(ROUNDDOWN(ROUND(K19*(1+0.2),2)*100/10,0)*10+IF(MOD(ROUND(K19*(1+0.2),2)*100,10)>4,9,-1))/100 -> 4.99 | N19: =ROUND(SUMIFS(repasse_ac!$J:$J,repasse_ac!$A:$A,$A19,repasse_ac!$F:$F,$D19,repasse_ac!$I:$I,"TTC PRÉ"),2) -> 4.99 | O19: =ROUND(SUMIFS(repasse_ac!$J:$J,repasse_ac!$A:$A,$A19,repasse_ac!$F:$F,$D19,repasse_ac!$I:$I,"TTC PÓS"),2) -> 4.99 | P19: =O19-N19 -> 0 | Q19: =ROUND(SUMIFS(repasse_ac!$N:$N,repasse_ac!$A:$A,$A19,repasse_ac!$F:$F,$D19,repasse_ac!$I:$I,"TTC PRÉ"),2) -> 4.79 | R19: =ROUND(SUMIFS(repasse_ac!$N:$N,repasse_ac!$A:$A,$A19,repasse_ac!$F:$F,$D19,repasse_ac!$I:$I,"TTC PÓS"),2) -> 4.79 | S19: =R19-Q19 -> 0
A20: AM | B20: GEO CO | C20: PET 600 | D20: GCA P600 | E20: =_xlfn.XLOOKUP($D20,depara_repasse!E:E,depara_repasse!K:K) -> 12 | F20: =ROUND(SUMIFS(repasse_ac!$R:$R,repasse_ac!$A:$A,$A20,repasse_ac!$F:$F,$D20,repasse_ac!$I:$I,"TTC PRÉ"),2) -> 4.06 | G20: =ROUND(SUMIFS(repasse_ac!$R:$R,repasse_ac!$A:$A,$A20,repasse_ac!$F:$F,$D20,repasse_ac!$I:$I,"TTC PÓS"),2) -> 4.06 | H20: =G20-F20 -> 0 | I20: =(ROUNDDOWN(ROUND(G20*(1+0.2),2)*100/10,0)*10+IF(MOD(ROUND(G20*(1+0.2),2)*100,10)>4,9,-1))/100 -> 4.89 | J20: =ROUND(SUMIFS(repasse_ac!$P:$P,repasse_ac!$A:$A,$A20,repasse_ac!$F:$F,$D20,repasse_ac!$I:$I,"TTC PRÉ"),2) -> 3.75 | K20: =ROUND(SUMIFS(repasse_ac!$P:$P,repasse_ac!$A:$A,$A20,repasse_ac!$F:$F,$D20,repasse_ac!$I:$I,"TTC PÓS"),2) -> 4.17 | L20: =K20-J20 -> 0.42 | M20: =(ROUNDDOWN(ROUND(K20*(1+0.2),2)*100/10,0)*10+IF(MOD(ROUND(K20*(1+0.2),2)*100,10)>4,9,-1))/100 -> 4.99 | N20: =ROUND(SUMIFS(repasse_ac!$J:$J,repasse_ac!$A:$A,$A20,repasse_ac!$F:$F,$D20,repasse_ac!$I:$I,"TTC PRÉ"),2) -> 4.49 | O20: =ROUND(SUMIFS(repasse_ac!$J:$J,repasse_ac!$A:$A,$A20,repasse_ac!$F:$F,$D20,repasse_ac!$I:$I,"TTC PÓS"),2) -> 4.99 | P20: =O20-N20 -> 0.5 | Q20: =ROUND(SUMIFS(repasse_ac!$N:$N,repasse_ac!$A:$A,$A20,repasse_ac!$F:$F,$D20,repasse_ac!$I:$I,"TTC PRÉ"),2) -> 4.49 | R20: =ROUND(SUMIFS(repasse_ac!$N:$N,repasse_ac!$A:$A,$A20,repasse_ac!$F:$F,$D20,repasse_ac!$I:$I,"TTC PÓS"),2) -> 4.49 | S20: =R20-Q20 -> 0
A21: AM | B21: GEO CO | C21: PET 600 | D21: GCAD P600 | E21: =_xlfn.XLOOKUP($D21,depara_repasse!E:E,depara_repasse!K:K) -> 12 | F21: =ROUND(SUMIFS(repasse_ac!$R:$R,repasse_ac!$A:$A,$A21,repasse_ac!$F:$F,$D21,repasse_ac!$I:$I,"TTC PRÉ"),2) -> 4.06 | G21: =ROUND(SUMIFS(repasse_ac!$R:$R,repasse_ac!$A:$A,$A21,repasse_ac!$F:$F,$D21,repasse_ac!$I:$I,"TTC PÓS"),2) -> 4.06 | H21: =G21-F21 -> 0 | I21: =(ROUNDDOWN(ROUND(G21*(1+0.2),2)*100/10,0)*10+IF(MOD(ROUND(G21*(1+0.2),2)*100,10)>4,9,-1))/100 -> 4.89 | J21: =ROUND(SUMIFS(repasse_ac!$P:$P,repasse_ac!$A:$A,$A21,repasse_ac!$F:$F,$D21,repasse_ac!$I:$I,"TTC PRÉ"),2) -> 3.75 | K21: =ROUND(SUMIFS(repasse_ac!$P:$P,repasse_ac!$A:$A,$A21,repasse_ac!$F:$F,$D21,repasse_ac!$I:$I,"TTC PÓS"),2) -> 4.17 | L21: =K21-J21 -> 0.42 | M21: =(ROUNDDOWN(ROUND(K21*(1+0.2),2)*100/10,0)*10+IF(MOD(ROUND(K21*(1+0.2),2)*100,10)>4,9,-1))/100 -> 4.99 | N21: =ROUND(SUMIFS(repasse_ac!$J:$J,repasse_ac!$A:$A,$A21,repasse_ac!$F:$F,$D21,repasse_ac!$I:$I,"TTC PRÉ"),2) -> 4.49 | O21: =ROUND(SUMIFS(repasse_ac!$J:$J,repasse_ac!$A:$A,$A21,repasse_ac!$F:$F,$D21,repasse_ac!$I:$I,"TTC PÓS"),2) -> 4.99 | P21: =O21-N21 -> 0.5 | Q21: =ROUND(SUMIFS(repasse_ac!$N:$N,repasse_ac!$A:$A,$A21,repasse_ac!$F:$F,$D21,repasse_ac!$I:$I,"TTC PRÉ"),2) -> 4.49 | R21: =ROUND(SUMIFS(repasse_ac!$N:$N,repasse_ac!$A:$A,$A21,repasse_ac!$F:$F,$D21,repasse_ac!$I:$I,"TTC PÓS"),2) -> 4.49 | S21: =R21-Q21 -> 0
A22: AM | B22: GEO CO | C22: PET 600 | D22: PC P600 | E22: =_xlfn.XLOOKUP($D22,depara_repasse!E:E,depara_repasse!K:K) -> 12 | F22: =ROUND(SUMIFS(repasse_ac!$R:$R,repasse_ac!$A:$A,$A22,repasse_ac!$F:$F,$D22,repasse_ac!$I:$I,"TTC PRÉ"),2) -> 3.87 | G22: =ROUND(SUMIFS(repasse_ac!$R:$R,repasse_ac!$A:$A,$A22,repasse_ac!$F:$F,$D22,repasse_ac!$I:$I,"TTC PÓS"),2) -> 3.87 | H22: =G22-F22 -> 0 | I22: =(ROUNDDOWN(ROUND(G22*(1+0.2),2)*100/10,0)*10+IF(MOD(ROUND(G22*(1+0.2),2)*100,10)>4,9,-1))/100 -> 4.59 | J22: =ROUND(SUMIFS(repasse_ac!$P:$P,repasse_ac!$A:$A,$A22,repasse_ac!$F:$F,$D22,repasse_ac!$I:$I,"TTC PRÉ"),2) -> 3.51 | K22: =ROUND(SUMIFS(repasse_ac!$P:$P,repasse_ac!$A:$A,$A22,repasse_ac!$F:$F,$D22,repasse_ac!$I:$I,"TTC PÓS"),2) -> 3.76 | L22: =K22-J22 -> 0.25 | M22: =(ROUNDDOWN(ROUND(K22*(1+0.2),2)*100/10,0)*10+IF(MOD(ROUND(K22*(1+0.2),2)*100,10)>4,9,-1))/100 -> 4.49 | N22: =ROUND(SUMIFS(repasse_ac!$J:$J,repasse_ac!$A:$A,$A22,repasse_ac!$F:$F,$D22,repasse_ac!$I:$I,"TTC PRÉ"),2) -> 4.19 | O22: =ROUND(SUMIFS(repasse_ac!$J:$J,repasse_ac!$A:$A,$A22,repasse_ac!$F:$F,$D22,repasse_ac!$I:$I,"TTC PÓS"),2) -> 4.49 | P22: =O22-N22 -> 0.3 | Q22: =ROUND(SUMIFS(repasse_ac!$N:$N,repasse_ac!$A:$A,$A22,repasse_ac!$F:$F,$D22,repasse_ac!$I:$I,"TTC PRÉ"),2) -> 4.29 | R22: =ROUND(SUMIFS(repasse_ac!$N:$N,repasse_ac!$A:$A,$A22,repasse_ac!$F:$F,$D22,repasse_ac!$I:$I,"TTC PÓS"),2) -> 4.29 | S22: =R22-Q22 -> 0
... A51: AM | B51: GEO CO | C51: PET 1L | D51: FUSION P1 | E51: =_xlfn.XLOOKUP($D51,depara_repasse!E:E,depara_repasse!K:K) -> 6 | F51: =ROUND(SUMIFS(repasse_ac!$R:$R,repasse_ac!$A:$A,$A51,repasse_ac!$F:$F,$D51,repasse_ac!$I:$I,"TTC PRÉ"),2) -> 6.75 | G51: =ROUND(SUMIFS(repasse_ac!$R:$R,repasse_ac!$A:$A,$A51,repasse_ac!$F:$F,$D51,repasse_ac!$I:$I,"TTC PÓS"),2) -> 6.75 | H51: =G51-F51 -> 0 | I51: =(ROUNDDOWN(ROUND(G51*(1+0.2),2)*100/10,0)*10+IF(MOD(ROUND(G51*(1+0.2),2)*100,10)>4,9,-1))/100 -> 8.09 | J51: =ROUND(SUMIFS(repasse_ac!$P:$P,repasse_ac!$A:$A,$A51,repasse_ac!$F:$F,$D51,repasse_ac!$I:$I,"TTC PRÉ"),2) -> 6.08 | K51: =ROUND(SUMIFS(repasse_ac!$P:$P,repasse_ac!$A:$A,$A51,repasse_ac!$F:$F,$D51,repasse_ac!$I:$I,"TTC PÓS"),2) -> 6.08 | L51: =K51-J51 -> 0 | M51: =(ROUNDDOWN(ROUND(K51*(1+0.2),2)*100/10,0)*10+IF(MOD(ROUND(K51*(1+0.2),2)*100,10)>4,9,-1))/100 -> 7.29 | N51: =ROUND(SUMIFS(repasse_ac!$J:$J,repasse_ac!$A:$A,$A51,repasse_ac!$F:$F,$D51,repasse_ac!$I:$I,"TTC PRÉ"),2) -> 8.49 | O51: =ROUND(SUMIFS(repasse_ac!$J:$J,repasse_ac!$A:$A,$A51,repasse_ac!$F:$F,$D51,repasse_ac!$I:$I,"TTC PÓS"),2) -> 8.49 | P51: =O51-N51 -> 0 | Q51: =ROUND(SUMIFS(repasse_ac!$N:$N,repasse_ac!$A:$A,$A51,repasse_ac!$F:$F,$D51,repasse_ac!$I:$I,"TTC PRÉ"),2) -> 7.49 | R51: =ROUND(SUMIFS(repasse_ac!$N:$N,repasse_ac!$A:$A,$A51,repasse_ac!$F:$F,$D51,repasse_ac!$I:$I,"TTC PÓS"),2) -> 7.49 | S51: =R51-Q51 -> 0
A52: AM | B52: GEO CO | C52: PET 2L | D52: FUSION P2 | E52: =_xlfn.XLOOKUP($D52,depara_repasse!E:E,depara_repasse!K:K) -> 6 | F52: =ROUND(SUMIFS(repasse_ac!$R:$R,repasse_ac!$A:$A,$A52,repasse_ac!$F:$F,$D52,repasse_ac!$I:$I,"TTC PRÉ"),2) -> 9 | G52: =ROUND(SUMIFS(repasse_ac!$R:$R,repasse_ac!$A:$A,$A52,repasse_ac!$F:$F,$D52,repasse_ac!$I:$I,"TTC PÓS"),2) -> 9 | H52: =G52-F52 -> 0 | I52: 10.49 | J52: =ROUND(SUMIFS(repasse_ac!$P:$P,repasse_ac!$A:$A,$A52,repasse_ac!$F:$F,$D52,repasse_ac!$I:$I,"TTC PRÉ"),2) -> 7.5 | K52: =ROUND(SUMIFS(repasse_ac!$P:$P,repasse_ac!$A:$A,$A52,repasse_ac!$F:$F,$D52,repasse_ac!$I:$I,"TTC PÓS"),2) -> 7.5 | L52: =K52-J52 -> 0 | M52: 9.99 | N52: =ROUND(SUMIFS(repasse_ac!$J:$J,repasse_ac!$A:$A,$A52,repasse_ac!$F:$F,$D52,repasse_ac!$I:$I,"TTC PRÉ"),2) -> 10.49 | O52: =ROUND(SUMIFS(repasse_ac!$J:$J,repasse_ac!$A:$A,$A52,repasse_ac!$F:$F,$D52,repasse_ac!$I:$I,"TTC PÓS"),2) -> 10.49 | P52: =O52-N52 -> 0 | Q52: =ROUND(SUMIFS(repasse_ac!$N:$N,repasse_ac!$A:$A,$A52,repasse_ac!$F:$F,$D52,repasse_ac!$I:$I,"TTC PRÉ"),2) -> 9.99 | R52: =ROUND(SUMIFS(repasse_ac!$N:$N,repasse_ac!$A:$A,$A52,repasse_ac!$F:$F,$D52,repasse_ac!$I:$I,"TTC PÓS"),2) -> 9.99 | S52: =R52-Q52 -> 0
A53: AM | B53: GEO CO | C53: LATA 250 | D53: RB 250 | E53: =_xlfn.XLOOKUP($D53,depara_repasse!E:E,depara_repasse!K:K) -> 4 | F53: =ROUND(SUMIFS(repasse_ac!$R:$R,repasse_ac!$A:$A,$A53,repasse_ac!$F:$F,$D53,repasse_ac!$I:$I,"TTC PRÉ"),2) -> 8.05 | G53: =ROUND(SUMIFS(repasse_ac!$R:$R,repasse_ac!$A:$A,$A53,repasse_ac!$F:$F,$D53,repasse_ac!$I:$I,"TTC PÓS"),2) -> 8.05 | H53: =G53-F53 -> 0 | I53: =(ROUNDDOWN(ROUND(G53*(1+0.2),2)*100/10,0)*10+IF(MOD(ROUND(G53*(1+0.2),2)*100,10)>4,9,-1))/100 -> 9.69 | J53: =ROUND(SUMIFS(repasse_ac!$P:$P,repasse_ac!$A:$A,$A53,repasse_ac!$F:$F,$D53,repasse_ac!$I:$I,"TTC PRÉ"),2) -> 7.98 | K53: =ROUND(SUMIFS(repasse_ac!$P:$P,repasse_ac!$A:$A,$A53,repasse_ac!$F:$F,$D53,repasse_ac!$I:$I,"TTC PÓS"),2) -> 7.98 | L53: =K53-J53 -> 0 | M53: =(ROUNDDOWN(ROUND(K53*(1+0.2),2)*100/10,0)*10+IF(MOD(ROUND(K53*(1+0.2),2)*100,10)>4,9,-1))/100 -> 9.59 | N53: =ROUND(SUMIFS(repasse_ac!$J:$J,repasse_ac!$A:$A,$A53,repasse_ac!$F:$F,$D53,repasse_ac!$I:$I,"TTC PRÉ"),2) -> 10.49 | O53: =ROUND(SUMIFS(repasse_ac!$J:$J,repasse_ac!$A:$A,$A53,repasse_ac!$F:$F,$D53,repasse_ac!$I:$I,"TTC PÓS"),2) -> 10.49 | P53: =O53-N53 -> 0 | Q53: =ROUND(SUMIFS(repasse_ac!$N:$N,repasse_ac!$A:$A,$A53,repasse_ac!$F:$F,$D53,repasse_ac!$I:$I,"TTC PRÉ"),2) -> 10.49 | R53: =ROUND(SUMIFS(repasse_ac!$N:$N,repasse_ac!$A:$A,$A53,repasse_ac!$F:$F,$D53,repasse_ac!$I:$I,"TTC PÓS"),2) -> 10.49 | S53: =R53-Q53 -> 0
A54: AM | B54: GEO CO | C54: LATA 355 | D54: RB 355 | E54: =_xlfn.XLOOKUP($D54,depara_repasse!E:E,depara_repasse!K:K) -> 4 | F54: =ROUND(SUMIFS(repasse_ac!$R:$R,repasse_ac!$A:$A,$A54,repasse_ac!$F:$F,$D54,repasse_ac!$I:$I,"TTC PRÉ"),2) -> 10.25 | G54: =ROUND(SUMIFS(repasse_ac!$R:$R,repasse_ac!$A:$A,$A54,repasse_ac!$F:$F,$D54,repasse_ac!$I:$I,"TTC PÓS"),2) -> 10.25 | H54: =G54-F54 -> 0 | I54: =(ROUNDDOWN(ROUND(G54*(1+0.2),2)*100/10,0)*10+IF(MOD(ROUND(G54*(1+0.2),2)*100,10)>4,9,-1))/100 -> 12.29 | J54: =ROUND(SUMIFS(repasse_ac!$P:$P,repasse_ac!$A:$A,$A54,repasse_ac!$F:$F,$D54,repasse_ac!$I:$I,"TTC PRÉ"),2) -> 9.53 | K54: =ROUND(SUMIFS(repasse_ac!$P:$P,repasse_ac!$A:$A,$A54,repasse_ac!$F:$F,$D54,repasse_ac!$I:$I,"TTC PÓS"),2) -> 9.53 | L54: =K54-J54 -> 0 | M54: =(ROUNDDOWN(ROUND(K54*(1+0.2),2)*100/10,0)*10+IF(MOD(ROUND(K54*(1+0.2),2)*100,10)>4,9,-1))/100 -> 11.39 | N54: =ROUND(SUMIFS(repasse_ac!$J:$J,repasse_ac!$A:$A,$A54,repasse_ac!$F:$F,$D54,repasse_ac!$I:$I,"TTC PRÉ"),2) -> 13.99 | O54: =ROUND(SUMIFS(repasse_ac!$J:$J,repasse_ac!$A:$A,$A54,repasse_ac!$F:$F,$D54,repasse_ac!$I:$I,"TTC PÓS"),2) -> 13.99 | P54: =O54-N54 -> 0 | Q54: =ROUND(SUMIFS(repasse_ac!$N:$N,repasse_ac!$A:$A,$A54,repasse_ac!$F:$F,$D54,repasse_ac!$I:$I,"TTC PRÉ"),2) -> 13.99 | R54: =ROUND(SUMIFS(repasse_ac!$N:$N,repasse_ac!$A:$A,$A54,repasse_ac!$F:$F,$D54,repasse_ac!$I:$I,"TTC PÓS"),2) -> 13.99 | S54: =R54-Q54 -> 0
A55: AM | B55: GEO CO | C55: PET 200 | D55: PCB P200 | E55: 12 | F55: =ROUND(SUMIFS(repasse_ac!$R:$R,repasse_ac!$A:$A,$A55,repasse_ac!$F:$F,$D55,repasse_ac!$I:$I,"TTC PRÉ"),2) -> 1.62 | G55: =ROUND(SUMIFS(repasse_ac!$R:$R,repasse_ac!$A:$A,$A55,repasse_ac!$F:$F,$D55,repasse_ac!$I:$I,"TTC PÓS"),2) -> 1.71 | H55: =G55-F55 -> 0.09 | I55: =(ROUNDDOWN(ROUND(G55*(1+0.2),2)*100/10,0)*10+IF(MOD(ROUND(G55*(1+0.2),2)*100,10)>4,9,-1))/100 -> 2.09 | J55: =ROUND(SUMIFS(repasse_ac!$P:$P,repasse_ac!$A:$A,$A55,repasse_ac!$F:$F,$D55,repasse_ac!$I:$I,"TTC PRÉ"),2) -> 1.59 | K55: =ROUND(SUMIFS(repasse_ac!$P:$P,repasse_ac!$A:$A,$A55,repasse_ac!$F:$F,$D55,repasse_ac!$I:$I,"TTC PÓS"),2) -> 1.67 | L55: =K55-J55 -> 0.08 | M55: =(ROUNDDOWN(ROUND(K55*(1+0.2),2)*100/10,0)*10+IF(MOD(ROUND(K55*(1+0.2),2)*100,10)>4,9,-1))/100 -> 1.99 | N55: =ROUND(SUMIFS(repasse_ac!$J:$J,repasse_ac!$A:$A,$A55,repasse_ac!$F:$F,$D55,repasse_ac!$I:$I,"TTC PRÉ"),2) -> 1.89 | O55: =ROUND(SUMIFS(repasse_ac!$J:$J,repasse_ac!$A:$A,$A55,repasse_ac!$F:$F,$D55,repasse_ac!$I:$I,"TTC PÓS"),2) -> 1.99 | P55: =O55-N55 -> 0.1 | Q55: =ROUND(SUMIFS(repasse_ac!$N:$N,repasse_ac!$A:$A,$A55,repasse_ac!$F:$F,$D55,repasse_ac!$I:$I,"TTC PRÉ"),2) -> 1.79 | R55: =ROUND(SUMIFS(repasse_ac!$N:$N,repasse_ac!$A:$A,$A55,repasse_ac!$F:$F,$D55,repasse_ac!$I:$I,"TTC PÓS"),2) -> 1.89 | S55: =R55-Q55 -> 0.1
A56: AM | B56: GEO CO | C56: LATA 350 | D56: PCB LT350 | E56: 12 | F56: =ROUND(SUMIFS(repasse_ac!$R:$R,repasse_ac!$A:$A,$A56,repasse_ac!$F:$F,$D56,repasse_ac!$I:$I,"TTC PRÉ"),2) -> 2.96 | G56: =ROUND(SUMIFS(repasse_ac!$R:$R,repasse_ac!$A:$A,$A56,repasse_ac!$F:$F,$D56,repasse_ac!$I:$I,"TTC PÓS"),2) -> 2.96 | H56: =G56-F56 -> 0 | I56: =(ROUNDDOWN(ROUND(G56*(1+0.2),2)*100/10,0)*10+IF(MOD(ROUND(G56*(1+0.2),2)*100,10)>4,9,-1))/100 -> 3.59 | J56: =ROUND(SUMIFS(repasse_ac!$P:$P,repasse_ac!$A:$A,$A56,repasse_ac!$F:$F,$D56,repasse_ac!$I:$I,"TTC PRÉ"),2) -> 2.91 | K56: =ROUND(SUMIFS(repasse_ac!$P:$P,repasse_ac!$A:$A,$A56,repasse_ac!$F:$F,$D56,repasse_ac!$I:$I,"TTC PÓS"),2) -> 2.83 | L56: =K56-J56 -> -0.08 | M56: =(ROUNDDOWN(ROUND(K56*(1+0.2),2)*100/10,0)*10+IF(MOD(ROUND(K56*(1+0.2),2)*100,10)>4,9,-1))/100 -> 3.39 | N56: =ROUND(SUMIFS(repasse_ac!$J:$J,repasse_ac!$A:$A,$A56,repasse_ac!$F:$F,$D56,repasse_ac!$I:$I,"TTC PRÉ"),2) -> 3.49 | O56: =ROUND(SUMIFS(repasse_ac!$J:$J,repasse_ac!$A:$A,$A56,repasse_ac!$F:$F,$D56,repasse_ac!$I:$I,"TTC PÓS"),2) -> 3.39 | P56: =O56-N56 -> -0.1 | Q56: =ROUND(SUMIFS(repasse_ac!$N:$N,repasse_ac!$A:$A,$A56,repasse_ac!$F:$F,$D56,repasse_ac!$I:$I,"TTC PRÉ"),2) -> 3.29 | R56: =ROUND(SUMIFS(repasse_ac!$N:$N,repasse_ac!$A:$A,$A56,repasse_ac!$F:$F,$D56,repasse_ac!$I:$I,"TTC PÓS"),2) -> 3.29 | S56: =R56-Q56 -> 0
A57: AM | B57: GEO CO | C57: PET 1L | D57: PCB P1 | E57: 6 | F57: =ROUND(SUMIFS(repasse_ac!$R:$R,repasse_ac!$A:$A,$A57,repasse_ac!$F:$F,$D57,repasse_ac!$I:$I,"TTC PRÉ"),2) -> 4.11 | G57: =ROUND(SUMIFS(repasse_ac!$R:$R,repasse_ac!$A:$A,$A57,repasse_ac!$F:$F,$D57,repasse_ac!$I:$I,"TTC PÓS"),2) -> 4.37 | H57: =G57-F57 -> 0.26 | I57: =(ROUNDDOWN(ROUND(G57*(1+0.2),2)*100/10,0)*10+IF(MOD(ROUND(G57*(1+0.2),2)*100,10)>4,9,-1))/100 -> 5.19 | J57: =ROUND(SUMIFS(repasse_ac!$P:$P,repasse_ac!$A:$A,$A57,repasse_ac!$F:$F,$D57,repasse_ac!$I:$I,"TTC PRÉ"),2) -> 4.01 | K57: =ROUND(SUMIFS(repasse_ac!$P:$P,repasse_ac!$A:$A,$A57,repasse_ac!$F:$F,$D57,repasse_ac!$I:$I,"TTC PÓS"),2) -> 3.33 | L57: =K57-J57 -> -0.68 | M57: =(ROUNDDOWN(ROUND(K57*(1+0.2),2)*100/10,0)*10+IF(MOD(ROUND(K57*(1+0.2),2)*100,10)>4,9,-1))/100 -> 3.99 | N57: =ROUND(SUMIFS(repasse_ac!$J:$J,repasse_ac!$A:$A,$A57,repasse_ac!$F:$F,$D57,repasse_ac!$I:$I,"TTC PRÉ"),2) -> 4.79 | O57: =ROUND(SUMIFS(repasse_ac!$J:$J,repasse_ac!$A:$A,$A57,repasse_ac!$F:$F,$D57,repasse_ac!$I:$I,"TTC PÓS"),2) -> 4.99 | P57: =O57-N57 -> 0.2 | Q57: =ROUND(SUMIFS(repasse_ac!$N:$N,repasse_ac!$A:$A,$A57,repasse_ac!$F:$F,$D57,repasse_ac!$I:$I,"TTC PRÉ"),2) -> 4.69 | R57: =ROUND(SUMIFS(repasse_ac!$N:$N,repasse_ac!$A:$A,$A57,repasse_ac!$F:$F,$D57,repasse_ac!$I:$I,"TTC PÓS"),2) -> 4.99 | S57: =R57-Q57 -> 0.3
A58: AM | B58: GEO CO | C58: PET 1,5L | D58: PCB P1,5 | E58: 6 | F58: =ROUND(SUMIFS(repasse_ac!$R:$R,repasse_ac!$A:$A,$A58,repasse_ac!$F:$F,$D58,repasse_ac!$I:$I,"TTC PRÉ"),2) -> 5.4 | G58: =ROUND(SUMIFS(repasse_ac!$R:$R,repasse_ac!$A:$A,$A58,repasse_ac!$F:$F,$D58,repasse_ac!$I:$I,"TTC PÓS"),2) -> 5.4 | H58: =G58-F58 -> 0 | I58: =(ROUNDDOWN(ROUND(G58*(1+0.2),2)*100/10,0)*10+IF(MOD(ROUND(G58*(1+0.2),2)*100,10)>4,9,-1))/100 -> 6.49 | J58: =ROUND(SUMIFS(repasse_ac!$P:$P,repasse_ac!$A:$A,$A58,repasse_ac!$F:$F,$D58,repasse_ac!$I:$I,"TTC PRÉ"),2) -> 5.26 | K58: =ROUND(SUMIFS(repasse_ac!$P:$P,repasse_ac!$A:$A,$A58,repasse_ac!$F:$F,$D58,repasse_ac!$I:$I,"TTC PÓS"),2) -> 4.99 | L58: =K58-J58 -> -0.27 | M58: =(ROUNDDOWN(ROUND(K58*(1+0.2),2)*100/10,0)*10+IF(MOD(ROUND(K58*(1+0.2),2)*100,10)>4,9,-1))/100 -> 5.99 | N58: =ROUND(SUMIFS(repasse_ac!$J:$J,repasse_ac!$A:$A,$A58,repasse_ac!$F:$F,$D58,repasse_ac!$I:$I,"TTC PRÉ"),2) -> 6.29 | O58: =ROUND(SUMIFS(repasse_ac!$J:$J,repasse_ac!$A:$A,$A58,repasse_ac!$F:$F,$D58,repasse_ac!$I:$I,"TTC PÓS"),2) -> 6.29 | P58: =O58-N58 -> 0 | Q58: =ROUND(SUMIFS(repasse_ac!$N:$N,repasse_ac!$A:$A,$A58,repasse_ac!$F:$F,$D58,repasse_ac!$I:$I,"TTC PRÉ"),2) -> 5.99 | R58: =ROUND(SUMIFS(repasse_ac!$N:$N,repasse_ac!$A:$A,$A58,repasse_ac!$F:$F,$D58,repasse_ac!$I:$I,"TTC PÓS"),2) -> 5.99 | S58: =R58-Q58 -> 0
A59: AM | B59: GEO CO | C59: PET 2L | D59: PCB P2 | E59: 6 | F59: =ROUND(SUMIFS(repasse_ac!$R:$R,repasse_ac!$A:$A,$A59,repasse_ac!$F:$F,$D59,repasse_ac!$I:$I,"TTC PRÉ"),2) -> 8.07 | G59: =ROUND(SUMIFS(repasse_ac!$R:$R,repasse_ac!$A:$A,$A59,repasse_ac!$F:$F,$D59,repasse_ac!$I:$I,"TTC PÓS"),2) -> 7.4 | H59: =G59-F59 -> -0.67 | I59: =(ROUNDDOWN(ROUND(G59*(1+0.2),2)*100/10,0)*10+IF(MOD(ROUND(G59*(1+0.2),2)*100,10)>4,9,-1))/100 -> 8.89 | J59: =ROUND(SUMIFS(repasse_ac!$P:$P,repasse_ac!$A:$A,$A59,repasse_ac!$F:$F,$D59,repasse_ac!$I:$I,"TTC PRÉ"),2) -> 7.34 | K59: =ROUND(SUMIFS(repasse_ac!$P:$P,repasse_ac!$A:$A,$A59,repasse_ac!$F:$F,$D59,repasse_ac!$I:$I,"TTC PÓS"),2) -> 6.67 | L59: =K59-J59 -> -0.67 | M59: =(ROUNDDOWN(ROUND(K59*(1+0.2),2)*100/10,0)*10+IF(MOD(ROUND(K59*(1+0.2),2)*100,10)>4,9,-1))/100 -> 7.99 | N59: =ROUND(SUMIFS(repasse_ac!$J:$J,repasse_ac!$A:$A,$A59,repasse_ac!$F:$F,$D59,repasse_ac!$I:$I,"TTC PRÉ"),2) -> 8.79 | O59: =ROUND(SUMIFS(repasse_ac!$J:$J,repasse_ac!$A:$A,$A59,repasse_ac!$F:$F,$D59,repasse_ac!$I:$I,"TTC PÓS"),2) -> 7.99 | P59: =O59-N59 -> -0.8 | Q59: =ROUND(SUMIFS(repasse_ac!$N:$N,repasse_ac!$A:$A,$A59,repasse_ac!$F:$F,$D59,repasse_ac!$I:$I,"TTC PRÉ"),2) -> 8.49 | R59: =ROUND(SUMIFS(repasse_ac!$N:$N,repasse_ac!$A:$A,$A59,repasse_ac!$F:$F,$D59,repasse_ac!$I:$I,"TTC PÓS"),2) -> 7.79 | S59: =R59-Q59 -> -0.7
A60: RR/AC | B60: GEO CO | C60: PET 200 | D60: GCA P200 | E60: =_xlfn.XLOOKUP($D60,depara_repasse!E:E,depara_repasse!K:K) -> 12 | F60: =ROUND(SUMIFS(repasse_ac!$R:$R,repasse_ac!$A:$A,$A60,repasse_ac!$F:$F,$D60,repasse_ac!$I:$I,"TTC PRÉ"),2) -> 1.72 | G60: =ROUND(SUMIFS(repasse_ac!$R:$R,repasse_ac!$A:$A,$A60,repasse_ac!$F:$F,$D60,repasse_ac!$I:$I,"TTC PÓS"),2) -> 1.72 | H60: =G60-F60 -> 0 | I60: =(ROUNDDOWN(ROUND(G60*(1+0.2),2)*100/10,0)*10+IF(MOD(ROUND(G60*(1+0.2),2)*100,10)>4,9,-1))/100 -> 2.09 | J60: =ROUND(SUMIFS(repasse_ac!$P:$P,repasse_ac!$A:$A,$A60,repasse_ac!$F:$F,$D60,repasse_ac!$I:$I,"TTC PRÉ"),2) -> 1.67 | K60: =ROUND(SUMIFS(repasse_ac!$P:$P,repasse_ac!$A:$A,$A60,repasse_ac!$F:$F,$D60,repasse_ac!$I:$I,"TTC PÓS"),2) -> 1.67 | L60: =K60-J60 -> 0 | M60: =(ROUNDDOWN(ROUND(K60*(1+0.2),2)*100/10,0)*10+IF(MOD(ROUND(K60*(1+0.2),2)*100,10)>4,9,-1))/100 -> 1.99 | N60: =ROUND(SUMIFS(repasse_ac!$J:$J,repasse_ac!$A:$A,$A60,repasse_ac!$F:$F,$D60,repasse_ac!$I:$I,"TTC PRÉ"),2) -> 1.99 | O60: =ROUND(SUMIFS(repasse_ac!$J:$J,repasse_ac!$A:$A,$A60,repasse_ac!$F:$F,$D60,repasse_ac!$I:$I,"TTC PÓS"),2) -> 1.99 | P60: =O60-N60 -> 0 | Q60: =ROUND(SUMIFS(repasse_ac!$N:$N,repasse_ac!$A:$A,$A60,repasse_ac!$F:$F,$D60,repasse_ac!$I:$I,"TTC PRÉ"),2) -> 1.89 | R60: =ROUND(SUMIFS(repasse_ac!$N:$N,repasse_ac!$A:$A,$A60,repasse_ac!$F:$F,$D60,repasse_ac!$I:$I,"TTC PÓS"),2) -> 1.89 | S60: =R60-Q60 -> 0
A61: RR/AC | B61: GEO CO | C61: PET 200 | D61: GCAD P200 | E61: =_xlfn.XLOOKUP($D61,depara_repasse!E:E,depara_repasse!K:K) -> 12 | F61: =ROUND(SUMIFS(repasse_ac!$R:$R,repasse_ac!$A:$A,$A61,repasse_ac!$F:$F,$D61,repasse_ac!$I:$I,"TTC PRÉ"),2) -> 1.72 | G61: =ROUND(SUMIFS(repasse_ac!$R:$R,repasse_ac!$A:$A,$A61,repasse_ac!$F:$F,$D61,repasse_ac!$I:$I,"TTC PÓS"),2) -> 1.72 | H61: =G61-F61 -> 0 | I61: =(ROUNDDOWN(ROUND(G61*(1+0.2),2)*100/10,0)*10+IF(MOD(ROUND(G61*(1+0.2),2)*100,10)>4,9,-1))/100 -> 2.09 | J61: =ROUND(SUMIFS(repasse_ac!$P:$P,repasse_ac!$A:$A,$A61,repasse_ac!$F:$F,$D61,repasse_ac!$I:$I,"TTC PRÉ"),2) -> 1.67 | K61: =ROUND(SUMIFS(repasse_ac!$P:$P,repasse_ac!$A:$A,$A61,repasse_ac!$F:$F,$D61,repasse_ac!$I:$I,"TTC PÓS"),2) -> 1.67 | L61: =K61-J61 -> 0 | M61: =(ROUNDDOWN(ROUND(K61*(1+0.2),2)*100/10,0)*10+IF(MOD(ROUND(K61*(1+0.2),2)*100,10)>4,9,-1))/100 -> 1.99 | N61: =ROUND(SUMIFS(repasse_ac!$J:$J,repasse_ac!$A:$A,$A61,repasse_ac!$F:$F,$D61,repasse_ac!$I:$I,"TTC PRÉ"),2) -> 1.99 | O61: =ROUND(SUMIFS(repasse_ac!$J:$J,repasse_ac!$A:$A,$A61,repasse_ac!$F:$F,$D61,repasse_ac!$I:$I,"TTC PÓS"),2) -> 1.99 | P61: =O61-N61 -> 0 | Q61: =ROUND(SUMIFS(repasse_ac!$N:$N,repasse_ac!$A:$A,$A61,repasse_ac!$F:$F,$D61,repasse_ac!$I:$I,"TTC PRÉ"),2) -> 1.89 | R61: =ROUND(SUMIFS(repasse_ac!$N:$N,repasse_ac!$A:$A,$A61,repasse_ac!$F:$F,$D61,repasse_ac!$I:$I,"TTC PÓS"),2) -> 1.89 | S61: =R61-Q61 -> 0
A62: RR/AC | B62: GEO CO | C62: PET 200 | D62: PC P200 | E62: =_xlfn.XLOOKUP($D62,depara_repasse!E:E,depara_repasse!K:K) -> 12 | F62: =ROUND(SUMIFS(repasse_ac!$R:$R,repasse_ac!$A:$A,$A62,repasse_ac!$F:$F,$D62,repasse_ac!$I:$I,"TTC PRÉ"),2) -> 1.63 | G62: =ROUND(SUMIFS(repasse_ac!$R:$R,repasse_ac!$A:$A,$A62,repasse_ac!$F:$F,$D62,repasse_ac!$I:$I,"TTC PÓS"),2) -> 1.72 | H62: =G62-F62 -> 0.09 | I62: =(ROUNDDOWN(ROUND(G62*(1+0.2),2)*100/10,0)*10+IF(MOD(ROUND(G62*(1+0.2),2)*100,10)>4,9,-1))/100 -> 2.09 | J62: =ROUND(SUMIFS(repasse_ac!$P:$P,repasse_ac!$A:$A,$A62,repasse_ac!$F:$F,$D62,repasse_ac!$I:$I,"TTC PRÉ"),2) -> 1.59 | K62: =ROUND(SUMIFS(repasse_ac!$P:$P,repasse_ac!$A:$A,$A62,repasse_ac!$F:$F,$D62,repasse_ac!$I:$I,"TTC PÓS"),2) -> 1.67 | L62: =K62-J62 -> 0.08 | M62: =(ROUNDDOWN(ROUND(K62*(1+0.2),2)*100/10,0)*10+IF(MOD(ROUND(K62*(1+0.2),2)*100,10)>4,9,-1))/100 -> 1.99 | N62: =ROUND(SUMIFS(repasse_ac!$J:$J,repasse_ac!$A:$A,$A62,repasse_ac!$F:$F,$D62,repasse_ac!$I:$I,"TTC PRÉ"),2) -> 1.89 | O62: =ROUND(SUMIFS(repasse_ac!$J:$J,repasse_ac!$A:$A,$A62,repasse_ac!$F:$F,$D62,repasse_ac!$I:$I,"TTC PÓS"),2) -> 1.99 | P62: =O62-N62 -> 0.1 | Q62: =ROUND(SUMIFS(repasse_ac!$N:$N,repasse_ac!$A:$A,$A62,repasse_ac!$F:$F,$D62,repasse_ac!$I:$I,"TTC PRÉ"),2) -> 1.79 | R62: =ROUND(SUMIFS(repasse_ac!$N:$N,repasse_ac!$A:$A,$A62,repasse_ac!$F:$F,$D62,repasse_ac!$I:$I,"TTC PÓS"),2) -> 1.89 | S62: =R62-Q62 -> 0.1
A63: RR/AC | B63: GEO CO | C63: PET 200 | D63: SLA P200 | E63: =_xlfn.XLOOKUP($D63,depara_repasse!E:E,depara_repasse!K:K) -> 12 | F63: =ROUND(SUMIFS(repasse_ac!$R:$R,repasse_ac!$A:$A,$A63,repasse_ac!$F:$F,$D63,repasse_ac!$I:$I,"TTC PRÉ"),2) -> 1.63 | G63: =ROUND(SUMIFS(repasse_ac!$R:$R,repasse_ac!$A:$A,$A63,repasse_ac!$F:$F,$D63,repasse_ac!$I:$I,"TTC PÓS"),2) -> 1.72 | H63: =G63-F63 -> 0.09 | I63: =(ROUNDDOWN(ROUND(G63*(1+0.2),2)*100/10,0)*10+IF(MOD(ROUND(G63*(1+0.2),2)*100,10)>4,9,-1))/100 -> 2.09 | J63: =ROUND(SUMIFS(repasse_ac!$P:$P,repasse_ac!$A:$A,$A63,repasse_ac!$F:$F,$D63,repasse_ac!$I:$I,"TTC PRÉ"),2) -> 1.59 | K63: =ROUND(SUMIFS(repasse_ac!$P:$P,repasse_ac!$A:$A,$A63,repasse_ac!$F:$F,$D63,repasse_ac!$I:$I,"TTC PÓS"),2) -> 1.67 | L63: =K63-J63 -> 0.08 | M63: =(ROUNDDOWN(ROUND(K63*(1+0.2),2)*100/10,0)*10+IF(MOD(ROUND(K63*(1+0.2),2)*100,10)>4,9,-1))/100 -> 1.99 | N63: =ROUND(SUMIFS(repasse_ac!$J:$J,repasse_ac!$A:$A,$A63,repasse_ac!$F:$F,$D63,repasse_ac!$I:$I,"TTC PRÉ"),2) -> 1.89 | O63: =ROUND(SUMIFS(repasse_ac!$J:$J,repasse_ac!$A:$A,$A63,repasse_ac!$F:$F,$D63,repasse_ac!$I:$I,"TTC PÓS"),2) -> 1.99 | P63: =O63-N63 -> 0.1 | Q63: =ROUND(SUMIFS(repasse_ac!$N:$N,repasse_ac!$A:$A,$A63,repasse_ac!$F:$F,$D63,repasse_ac!$I:$I,"TTC PRÉ"),2) -> 1.79 | R63: =ROUND(SUMIFS(repasse_ac!$N:$N,repasse_ac!$A:$A,$A63,repasse_ac!$F:$F,$D63,repasse_ac!$I:$I,"TTC PÓS"),2) -> 1.89 | S63: =R63-Q63 -> 0.1
A64: RR/AC | B64: GEO CO | C64: PET 200 | D64: SAB P200 | E64: =_xlfn.XLOOKUP($D64,depara_repasse!E:E,depara_repasse!K:K) -> 12 | F64: =ROUND(SUMIFS(repasse_ac!$R:$R,repasse_ac!$A:$A,$A64,repasse_ac!$F:$F,$D64,repasse_ac!$I:$I,"TTC PRÉ"),2) -> 1.63 | G64: =ROUND(SUMIFS(repasse_ac!$R:$R,repasse_ac!$A:$A,$A64,repasse_ac!$F:$F,$D64,repasse_ac!$I:$I,"TTC PÓS"),2) -> 1.72 | H64: =G64-F64 -> 0.09 | I64: =(ROUNDDOWN(ROUND(G64*(1+0.2),2)*100/10,0)*10+IF(MOD(ROUND(G64*(1+0.2),2)*100,10)>4,9,-1))/100 -> 2.09 | J64: =ROUND(SUMIFS(repasse_ac!$P:$P,repasse_ac!$A:$A,$A64,repasse_ac!$F:$F,$D64,repasse_ac!$I:$I,"TTC PRÉ"),2) -> 1.59 | K64: =ROUND(SUMIFS(repasse_ac!$P:$P,repasse_ac!$A:$A,$A64,repasse_ac!$F:$F,$D64,repasse_ac!$I:$I,"TTC PÓS"),2) -> 1.67 | L64: =K64-J64 -> 0.08 | M64: =(ROUNDDOWN(ROUND(K64*(1+0.2),2)*100/10,0)*10+IF(MOD(ROUND(K64*(1+0.2),2)*100,10)>4,9,-1))/100 -> 1.99 | N64: =ROUND(SUMIFS(repasse_ac!$J:$J,repasse_ac!$A:$A,$A64,repasse_ac!$F:$F,$D64,repasse_ac!$I:$I,"TTC PRÉ"),2) -> 1.89 | O64: =ROUND(SUMIFS(repasse_ac!$J:$J,repasse_ac!$A:$A,$A64,repasse_ac!$F:$F,$D64,repasse_ac!$I:$I,"TTC PÓS"),2) -> 1.99 | P64: =O64-N64 -> 0.1 | Q64: =ROUND(SUMIFS(repasse_ac!$N:$N,repasse_ac!$A:$A,$A64,repasse_ac!$F:$F,$D64,repasse_ac!$I:$I,"TTC PRÉ"),2) -> 1.79 | R64: =ROUND(SUMIFS(repasse_ac!$N:$N,repasse_ac!$A:$A,$A64,repasse_ac!$F:$F,$D64,repasse_ac!$I:$I,"TTC PÓS"),2) -> 1.89 | S64: =R64-Q64 -> 0.1
A65: RR/AC | B65: GEO CO | C65: LATA 269 | D65: GCA LT269 | E65: 15 | F65: =ROUND(SUMIFS(repasse_ac!$R:$R,repasse_ac!$A:$A,$A65,repasse_ac!$F:$F,$D65,repasse_ac!$I:$I,"TTC PRÉ"),2) -> 2.19 | G65: =ROUND(SUMIFS(repasse_ac!$R:$R,repasse_ac!$A:$A,$A65,repasse_ac!$F:$F,$D65,repasse_ac!$I:$I,"TTC PÓS"),2) -> 2.19 | H65: =G65-F65 -> 0 | I65: =(ROUNDDOWN(ROUND(G65*(1+0.2),2)*100/10,0)*10+IF(MOD(ROUND(G65*(1+0.2),2)*100,10)>4,9,-1))/100 -> 2.59 | J65: =ROUND(SUMIFS(repasse_ac!$P:$P,repasse_ac!$A:$A,$A65,repasse_ac!$F:$F,$D65,repasse_ac!$I:$I,"TTC PRÉ"),2) -> 2.09 | K65: =ROUND(SUMIFS(repasse_ac!$P:$P,repasse_ac!$A:$A,$A65,repasse_ac!$F:$F,$D65,repasse_ac!$I:$I,"TTC PÓS"),2) -> 2.09 | L65: =K65-J65 -> 0 | M65: =(ROUNDDOWN(ROUND(K65*(1+0.2),2)*100/10,0)*10+IF(MOD(ROUND(K65*(1+0.2),2)*100,10)>4,9,-1))/100 -> 2.49 | N65: =ROUND(SUMIFS(repasse_ac!$J:$J,repasse_ac!$A:$A,$A65,repasse_ac!$F:$F,$D65,repasse_ac!$I:$I,"TTC PRÉ"),2) -> 2.49 | O65: =ROUND(SUMIFS(repasse_ac!$J:$J,repasse_ac!$A:$A,$A65,repasse_ac!$F:$F,$D65,repasse_ac!$I:$I,"TTC PÓS"),2) -> 2.49 | P65: =O65-N65 -> 0 | Q65: =ROUND(SUMIFS(repasse_ac!$N:$N,repasse_ac!$A:$A,$A65,repasse_ac!$F:$F,$D65,repasse_ac!$I:$I,"TTC PRÉ"),2) -> 2.29 | R65: =ROUND(SUMIFS(repasse_ac!$N:$N,repasse_ac!$A:$A,$A65,repasse_ac!$F:$F,$D65,repasse_ac!$I:$I,"TTC PÓS"),2) -> 2.29 | S65: =R65-Q65 -> 0
A66: RR/AC | B66: GEO CO | C66: LATA 269 | D66: PC LT269 | E66: =_xlfn.XLOOKUP($D66,depara_repasse!E:E,depara_repasse!K:K) -> 15 | F66: =ROUND(SUMIFS(repasse_ac!$R:$R,repasse_ac!$A:$A,$A66,repasse_ac!$F:$F,$D66,repasse_ac!$I:$I,"TTC PRÉ"),2) -> 2.19 | G66: =ROUND(SUMIFS(repasse_ac!$R:$R,repasse_ac!$A:$A,$A66,repasse_ac!$F:$F,$D66,repasse_ac!$I:$I,"TTC PÓS"),2) -> 2.19 | H66: =G66-F66 -> 0 | I66: =(ROUNDDOWN(ROUND(G66*(1+0.2),2)*100/10,0)*10+IF(MOD(ROUND(G66*(1+0.2),2)*100,10)>4,9,-1))/100 -> 2.59 | J66: =ROUND(SUMIFS(repasse_ac!$P:$P,repasse_ac!$A:$A,$A66,repasse_ac!$F:$F,$D66,repasse_ac!$I:$I,"TTC PRÉ"),2) -> 2.09 | K66: =ROUND(SUMIFS(repasse_ac!$P:$P,repasse_ac!$A:$A,$A66,repasse_ac!$F:$F,$D66,repasse_ac!$I:$I,"TTC PÓS"),2) -> 2.15 | L66: =K66-J66 -> 0.06 | M66: =(ROUNDDOWN(ROUND(K66*(1+0.2),2)*100/10,0)*10+IF(MOD(ROUND(K66*(1+0.2),2)*100,10)>4,9,-1))/100 -> 2.59 | N66: =ROUND(SUMIFS(repasse_ac!$J:$J,repasse_ac!$A:$A,$A66,repasse_ac!$F:$F,$D66,repasse_ac!$I:$I,"TTC PRÉ"),2) -> 2.49 | O66: =ROUND(SUMIFS(repasse_ac!$J:$J,repasse_ac!$A:$A,$A66,repasse_ac!$F:$F,$D66,repasse_ac!$I:$I,"TTC PÓS"),2) -> 2.59 | P66: =O66-N66 -> 0.1 | Q66: =ROUND(SUMIFS(repasse_ac!$N:$N,repasse_ac!$A:$A,$A66,repasse_ac!$F:$F,$D66,repasse_ac!$I:$I,"TTC PRÉ"),2) -> 2.29 | R66: =ROUND(SUMIFS(repasse_ac!$N:$N,repasse_ac!$A:$A,$A66,repasse_ac!$F:$F,$D66,repasse_ac!$I:$I,"TTC PÓS"),2) -> 2.29 | S66: =R66-Q66 -> 0
A67: RR/AC | B67: GEO CO | C67: LATA 269 | D67: TA LT269 | E67: =_xlfn.XLOOKUP($D67,depara_repasse!E:E,depara_repasse!K:K) -> 15 | F67: =ROUND(SUMIFS(repasse_ac!$R:$R,repasse_ac!$A:$A,$A67,repasse_ac!$F:$F,$D67,repasse_ac!$I:$I,"TTC PRÉ"),2) -> 2.25 | G67: =ROUND(SUMIFS(repasse_ac!$R:$R,repasse_ac!$A:$A,$A67,repasse_ac!$F:$F,$D67,repasse_ac!$I:$I,"TTC PÓS"),2) -> 2.25 | H67: =G67-F67 -> 0 | I67: =(ROUNDDOWN(ROUND(G67*(1+0.2),2)*100/10,0)*10+IF(MOD(ROUND(G67*(1+0.2),2)*100,10)>4,9,-1))/100 -> 2.69 | J67: =ROUND(SUMIFS(repasse_ac!$P:$P,repasse_ac!$A:$A,$A67,repasse_ac!$F:$F,$D67,repasse_ac!$I:$I,"TTC PRÉ"),2) -> 2.09 | K67: =ROUND(SUMIFS(repasse_ac!$P:$P,repasse_ac!$A:$A,$A67,repasse_ac!$F:$F,$D67,repasse_ac!$I:$I,"TTC PÓS"),2) -> 2.17 | L67: =K67-J67 -> 0.08 | M67: =(ROUNDDOWN(ROUND(K67*(1+0.2),2)*100/10,0)*10+IF(MOD(ROUND(K67*(1+0.2),2)*100,10)>4,9,-1))/100 -> 2.59 | N67: =ROUND(SUMIFS(repasse_ac!$J:$J,repasse_ac!$A:$A,$A67,repasse_ac!$F:$F,$D67,repasse_ac!$I:$I,"TTC PRÉ"),2) -> 2.49 | O67: =ROUND(SUMIFS(repasse_ac!$J:$J,repasse_ac!$A:$A,$A67,repasse_ac!$F:$F,$D67,repasse_ac!$I:$I,"TTC PÓS"),2) -> 2.59 | P67: =O67-N67 -> 0.1 | Q67: =ROUND(SUMIFS(repasse_ac!$N:$N,repasse_ac!$A:$A,$A67,repasse_ac!$F:$F,$D67,repasse_ac!$I:$I,"TTC PRÉ"),2) -> 2.49 | R67: =ROUND(SUMIFS(repasse_ac!$N:$N,repasse_ac!$A:$A,$A67,repasse_ac!$F:$F,$D67,repasse_ac!$I:$I,"TTC PÓS"),2) -> 2.49 | S67: =R67-Q67 -> 0
A68: RR/AC | B68: GEO CO | C68: LATA 310 | D68: GCA LT310 | E68: 12 | F68: =ROUND(SUMIFS(repasse_ac!$R:$R,repasse_ac!$A:$A,$A68,repasse_ac!$F:$F,$D68,repasse_ac!$I:$I,"TTC PRÉ"),2) -> 2.09 | G68: =ROUND(SUMIFS(repasse_ac!$R:$R,repasse_ac!$A:$A,$A68,repasse_ac!$F:$F,$D68,repasse_ac!$I:$I,"TTC PÓS"),2) -> 2.09 | H68: =G68-F68 -> 0 | I68: =(ROUNDDOWN(ROUND(G68*(1+0.2),2)*100/10,0)*10+IF(MOD(ROUND(G68*(1+0.2),2)*100,10)>4,9,-1))/100 -> 2.49 | J68: =ROUND(SUMIFS(repasse_ac!$P:$P,repasse_ac!$A:$A,$A68,repasse_ac!$F:$F,$D68,repasse_ac!$I:$I,"TTC PRÉ"),2) -> 1.92 | K68: =ROUND(SUMIFS(repasse_ac!$P:$P,repasse_ac!$A:$A,$A68,repasse_ac!$F:$F,$D68,repasse_ac!$I:$I,"TTC PÓS"),2) -> 1.92 | L68: =K68-J68 -> 0 | M68: =(ROUNDDOWN(ROUND(K68*(1+0.2),2)*100/10,0)*10+IF(MOD(ROUND(K68*(1+0.2),2)*100,10)>4,9,-1))/100 -> 2.39 | N68: =ROUND(SUMIFS(repasse_ac!$J:$J,repasse_ac!$A:$A,$A68,repasse_ac!$F:$F,$D68,repasse_ac!$I:$I,"TTC PRÉ"),2) -> 2.29 | O68: =ROUND(SUMIFS(repasse_ac!$J:$J,repasse_ac!$A:$A,$A68,repasse_ac!$F:$F,$D68,repasse_ac!$I:$I,"TTC PÓS"),2) -> 2.29 | P68: =O68-N68 -> 0 | Q68: =ROUND(SUMIFS(repasse_ac!$N:$N,repasse_ac!$A:$A,$A68,repasse_ac!$F:$F,$D68,repasse_ac!$I:$I,"TTC PRÉ"),2) -> 2.19 | R68: =ROUND(SUMIFS(repasse_ac!$N:$N,repasse_ac!$A:$A,$A68,repasse_ac!$F:$F,$D68,repasse_ac!$I:$I,"TTC PÓS"),2) -> 2.19 | S68: =R68-Q68 -> 0
A69: RR/AC | B69: GEO CO | C69: LATA 310 | D69: PC LT310 | E69: =_xlfn.XLOOKUP($D69,depara_repasse!E:E,depara_repasse!K:K) -> 15 | F69: =ROUND(SUMIFS(repasse_ac!$R:$R,repasse_ac!$A:$A,$A69,repasse_ac!$F:$F,$D69,repasse_ac!$I:$I,"TTC PRÉ"),2) -> 2.09 | G69: =ROUND(SUMIFS(repasse_ac!$R:$R,repasse_ac!$A:$A,$A69,repasse_ac!$F:$F,$D69,repasse_ac!$I:$I,"TTC PÓS"),2) -> 2.09 | H69: =G69-F69 -> 0 | I69: =(ROUNDDOWN(ROUND(G69*(1+0.2),2)*100/10,0)*10+IF(MOD(ROUND(G69*(1+0.2),2)*100,10)>4,9,-1))/100 -> 2.49 | J69: =ROUND(SUMIFS(repasse_ac!$P:$P,repasse_ac!$A:$A,$A69,repasse_ac!$F:$F,$D69,repasse_ac!$I:$I,"TTC PRÉ"),2) -> 1.92 | K69: =ROUND(SUMIFS(repasse_ac!$P:$P,repasse_ac!$A:$A,$A69,repasse_ac!$F:$F,$D69,repasse_ac!$I:$I,"TTC PÓS"),2) -> 1.92 | L69: =K69-J69 -> 0 | M69: =(ROUNDDOWN(ROUND(K69*(1+0.2),2)*100/10,0)*10+IF(MOD(ROUND(K69*(1+0.2),2)*100,10)>4,9,-1))/100 -> 2.39 | N69: =ROUND(SUMIFS(repasse_ac!$J:$J,repasse_ac!$A:$A,$A69,repasse_ac!$F:$F,$D69,repasse_ac!$I:$I,"TTC PRÉ"),2) -> 2.29 | O69: =ROUND(SUMIFS(repasse_ac!$J:$J,repasse_ac!$A:$A,$A69,repasse_ac!$F:$F,$D69,repasse_ac!$I:$I,"TTC PÓS"),2) -> 2.29 | P69: =O69-N69 -> 0 | Q69: =ROUND(SUMIFS(repasse_ac!$N:$N,repasse_ac!$A:$A,$A69,repasse_ac!$F:$F,$D69,repasse_ac!$I:$I,"TTC PRÉ"),2) -> 2.19 | R69: =ROUND(SUMIFS(repasse_ac!$N:$N,repasse_ac!$A:$A,$A69,repasse_ac!$F:$F,$D69,repasse_ac!$I:$I,"TTC PÓS"),2) -> 2.19 | S69: =R69-Q69 -> 0
A70: RR/AC | B70: GEO CO | C70: LATA 350 | D70: GCA LT350 | E70: =_xlfn.XLOOKUP($D70,depara_repasse!E:E,depara_repasse!K:K) -> 12 | F70: =ROUND(SUMIFS(repasse_ac!$R:$R,repasse_ac!$A:$A,$A70,repasse_ac!$F:$F,$D70,repasse_ac!$I:$I,"TTC PRÉ"),2) -> 3.06 | G70: =ROUND(SUMIFS(repasse_ac!$R:$R,repasse_ac!$A:$A,$A70,repasse_ac!$F:$F,$D70,repasse_ac!$I:$I,"TTC PÓS"),2) -> 3.06 | H70: =G70-F70 -> 0 | I70: =(ROUNDDOWN(ROUND(G70*(1+0.2),2)*100/10,0)*10+IF(MOD(ROUND(G70*(1+0.2),2)*100,10)>4,9,-1))/100 -> 3.69 | J70: =ROUND(SUMIFS(repasse_ac!$P:$P,repasse_ac!$A:$A,$A70,repasse_ac!$F:$F,$D70,repasse_ac!$I:$I,"TTC PRÉ"),2) -> 2.92 | K70: =ROUND(SUMIFS(repasse_ac!$P:$P,repasse_ac!$A:$A,$A70,repasse_ac!$F:$F,$D70,repasse_ac!$I:$I,"TTC PÓS"),2) -> 2.92 | L70: =K70-J70 -> 0 | M70: =(ROUNDDOWN(ROUND(K70*(1+0.2),2)*100/10,0)*10+IF(MOD(ROUND(K70*(1+0.2),2)*100,10)>4,9,-1))/100 -> 3.49 | N70: =ROUND(SUMIFS(repasse_ac!$J:$J,repasse_ac!$A:$A,$A70,repasse_ac!$F:$F,$D70,repasse_ac!$I:$I,"TTC PRÉ"),2) -> 3.49 | O70: =ROUND(SUMIFS(repasse_ac!$J:$J,repasse_ac!$A:$A,$A70,repasse_ac!$F:$F,$D70,repasse_ac!$I:$I,"TTC PÓS"),2) -> 3.49 | P70: =O70-N70 -> 0 | Q70: =ROUND(SUMIFS(repasse_ac!$N:$N,repasse_ac!$A:$A,$A70,repasse_ac!$F:$F,$D70,repasse_ac!$I:$I,"TTC PRÉ"),2) -> 3.39 | R70: =ROUND(SUMIFS(repasse_ac!$N:$N,repasse_ac!$A:$A,$A70,repasse_ac!$F:$F,$D70,repasse_ac!$I:$I,"TTC PÓS"),2) -> 3.39 | S70: =R70-Q70 -> 0
A71: RR/AC | B71: GEO CO | C71: LATA 350 | D71: GCAD LT350 | E71: =_xlfn.XLOOKUP($D71,depara_repasse!E:E,depara_repasse!K:K) -> 12 | F71: =ROUND(SUMIFS(repasse_ac!$R:$R,repasse_ac!$A:$A,$A71,repasse_ac!$F:$F,$D71,repasse_ac!$I:$I,"TTC PRÉ"),2) -> 3.06 | G71: =ROUND(SUMIFS(repasse_ac!$R:$R,repasse_ac!$A:$A,$A71,repasse_ac!$F:$F,$D71,repasse_ac!$I:$I,"TTC PÓS"),2) -> 3.06 | H71: =G71-F71 -> 0 | I71: =(ROUNDDOWN(ROUND(G71*(1+0.2),2)*100/10,0)*10+IF(MOD(ROUND(G71*(1+0.2),2)*100,10)>4,9,-1))/100 -> 3.69 | J71: =ROUND(SUMIFS(repasse_ac!$P:$P,repasse_ac!$A:$A,$A71,repasse_ac!$F:$F,$D71,repasse_ac!$I:$I,"TTC PRÉ"),2) -> 2.92 | K71: =ROUND(SUMIFS(repasse_ac!$P:$P,repasse_ac!$A:$A,$A71,repasse_ac!$F:$F,$D71,repasse_ac!$I:$I,"TTC PÓS"),2) -> 2.92 | L71: =K71-J71 -> 0 | M71: =(ROUNDDOWN(ROUND(K71*(1+0.2),2)*100/10,0)*10+IF(MOD(ROUND(K71*(1+0.2),2)*100,10)>4,9,-1))/100 -> 3.49 | N71: =ROUND(SUMIFS(repasse_ac!$J:$J,repasse_ac!$A:$A,$A71,repasse_ac!$F:$F,$D71,repasse_ac!$I:$I,"TTC PRÉ"),2) -> 3.49 | O71: =ROUND(SUMIFS(repasse_ac!$J:$J,repasse_ac!$A:$A,$A71,repasse_ac!$F:$F,$D71,repasse_ac!$I:$I,"TTC PÓS"),2) -> 3.49 | P71: =O71-N71 -> 0 | Q71: =ROUND(SUMIFS(repasse_ac!$N:$N,repasse_ac!$A:$A,$A71,repasse_ac!$F:$F,$D71,repasse_ac!$I:$I,"TTC PRÉ"),2) -> 3.39 | R71: =ROUND(SUMIFS(repasse_ac!$N:$N,repasse_ac!$A:$A,$A71,repasse_ac!$F:$F,$D71,repasse_ac!$I:$I,"TTC PÓS"),2) -> 3.39 | S71: =R71-Q71 -> 0
A72: RR/AC | B72: GEO CO | C72: LATA 350 | D72: PC LT350 | E72: =_xlfn.XLOOKUP($D72,depara_repasse!E:E,depara_repasse!K:K) -> 12 | F72: =ROUND(SUMIFS(repasse_ac!$R:$R,repasse_ac!$A:$A,$A72,repasse_ac!$F:$F,$D72,repasse_ac!$I:$I,"TTC PRÉ"),2) -> 2.96 | G72: =ROUND(SUMIFS(repasse_ac!$R:$R,repasse_ac!$A:$A,$A72,repasse_ac!$F:$F,$D72,repasse_ac!$I:$I,"TTC PÓS"),2) -> 3.05 | H72: =G72-F72 -> 0.09 | I72: =(ROUNDDOWN(ROUND(G72*(1+0.2),2)*100/10,0)*10+IF(MOD(ROUND(G72*(1+0.2),2)*100,10)>4,9,-1))/100 -> 3.69 | J72: =ROUND(SUMIFS(repasse_ac!$P:$P,repasse_ac!$A:$A,$A72,repasse_ac!$F:$F,$D72,repasse_ac!$I:$I,"TTC PRÉ"),2) -> 2.91 | K72: =ROUND(SUMIFS(repasse_ac!$P:$P,repasse_ac!$A:$A,$A72,repasse_ac!$F:$F,$D72,repasse_ac!$I:$I,"TTC PÓS"),2) -> 2.83 | L72: =K72-J72 -> -0.08 | M72: =(ROUNDDOWN(ROUND(K72*(1+0.2),2)*100/10,0)*10+IF(MOD(ROUND(K72*(1+0.2),2)*100,10)>4,9,-1))/100 -> 3.39 | N72: =ROUND(SUMIFS(repasse_ac!$J:$J,repasse_ac!$A:$A,$A72,repasse_ac!$F:$F,$D72,repasse_ac!$I:$I,"TTC PRÉ"),2) -> 3.49 | O72: =ROUND(SUMIFS(repasse_ac!$J:$J,repasse_ac!$A:$A,$A72,repasse_ac!$F:$F,$D72,repasse_ac!$I:$I,"TTC PÓS"),2) -> 3.39 | P72: =O72-N72 -> -0.1 | Q72: =ROUND(SUMIFS(repasse_ac!$N:$N,repasse_ac!$A:$A,$A72,repasse_ac!$F:$F,$D72,repasse_ac!$I:$I,"TTC PRÉ"),2) -> 3.29 | R72: =ROUND(SUMIFS(repasse_ac!$N:$N,repasse_ac!$A:$A,$A72,repasse_ac!$F:$F,$D72,repasse_ac!$I:$I,"TTC PÓS"),2) -> 3.39 | S72: =R72-Q72 -> 0.1
A73: RR/AC | B73: GEO CO | C73: LATA 350 | D73: SLA LT350 | E73: =_xlfn.XLOOKUP($D73,depara_repasse!E:E,depara_repasse!K:K) -> 12 | F73: =ROUND(SUMIFS(repasse_ac!$R:$R,repasse_ac!$A:$A,$A73,repasse_ac!$F:$F,$D73,repasse_ac!$I:$I,"TTC PRÉ"),2) -> 2.96 | G73: =ROUND(SUMIFS(repasse_ac!$R:$R,repasse_ac!$A:$A,$A73,repasse_ac!$F:$F,$D73,repasse_ac!$I:$I,"TTC PÓS"),2) -> 3.05 | H73: =G73-F73 -> 0.09 | I73: =(ROUNDDOWN(ROUND(G73*(1+0.2),2)*100/10,0)*10+IF(MOD(ROUND(G73*(1+0.2),2)*100,10)>4,9,-1))/100 -> 3.69 | J73: =ROUND(SUMIFS(repasse_ac!$P:$P,repasse_ac!$A:$A,$A73,repasse_ac!$F:$F,$D73,repasse_ac!$I:$I,"TTC PRÉ"),2) -> 2.91 | K73: =ROUND(SUMIFS(repasse_ac!$P:$P,repasse_ac!$A:$A,$A73,repasse_ac!$F:$F,$D73,repasse_ac!$I:$I,"TTC PÓS"),2) -> 2.83 | L73: =K73-J73 -> -0.08 | M73: =(ROUNDDOWN(ROUND(K73*(1+0.2),2)*100/10,0)*10+IF(MOD(ROUND(K73*(1+0.2),2)*100,10)>4,9,-1))/100 -> 3.39 | N73: =ROUND(SUMIFS(repasse_ac!$J:$J,repasse_ac!$A:$A,$A73,repasse_ac!$F:$F,$D73,repasse_ac!$I:$I,"TTC PRÉ"),2) -> 3.49 | O73: =ROUND(SUMIFS(repasse_ac!$J:$J,repasse_ac!$A:$A,$A73,repasse_ac!$F:$F,$D73,repasse_ac!$I:$I,"TTC PÓS"),2) -> 3.39 | P73: =O73-N73 -> -0.1 | Q73: =ROUND(SUMIFS(repasse_ac!$N:$N,repasse_ac!$A:$A,$A73,repasse_ac!$F:$F,$D73,repasse_ac!$I:$I,"TTC PRÉ"),2) -> 3.29 | R73: =ROUND(SUMIFS(repasse_ac!$N:$N,repasse_ac!$A:$A,$A73,repasse_ac!$F:$F,$D73,repasse_ac!$I:$I,"TTC PÓS"),2) -> 3.39 | S73: =R73-Q73 -> 0.1
A74: RR/AC | B74: GEO CO | C74: LATA 350 | D74: SAB LT350 | E74: =_xlfn.XLOOKUP($D74,depara_repasse!E:E,depara_repasse!K:K) -> 12 | F74: =ROUND(SUMIFS(repasse_ac!$R:$R,repasse_ac!$A:$A,$A74,repasse_ac!$F:$F,$D74,repasse_ac!$I:$I,"TTC PRÉ"),2) -> 2.96 | G74: =ROUND(SUMIFS(repasse_ac!$R:$R,repasse_ac!$A:$A,$A74,repasse_ac!$F:$F,$D74,repasse_ac!$I:$I,"TTC PÓS"),2) -> 3.05 | H74: =G74-F74 -> 0.09 | I74: =(ROUNDDOWN(ROUND(G74*(1+0.2),2)*100/10,0)*10+IF(MOD(ROUND(G74*(1+0.2),2)*100,10)>4,9,-1))/100 -> 3.69 | J74: =ROUND(SUMIFS(repasse_ac!$P:$P,repasse_ac!$A:$A,$A74,repasse_ac!$F:$F,$D74,repasse_ac!$I:$I,"TTC PRÉ"),2) -> 2.91 | K74: =ROUND(SUMIFS(repasse_ac!$P:$P,repasse_ac!$A:$A,$A74,repasse_ac!$F:$F,$D74,repasse_ac!$I:$I,"TTC PÓS"),2) -> 2.83 | L74: =K74-J74 -> -0.08 | M74: =(ROUNDDOWN(ROUND(K74*(1+0.2),2)*100/10,0)*10+IF(MOD(ROUND(K74*(1+0.2),2)*100,10)>4,9,-1))/100 -> 3.39 | N74: =ROUND(SUMIFS(repasse_ac!$J:$J,repasse_ac!$A:$A,$A74,repasse_ac!$F:$F,$D74,repasse_ac!$I:$I,"TTC PRÉ"),2) -> 3.49 | O74: =ROUND(SUMIFS(repasse_ac!$J:$J,repasse_ac!$A:$A,$A74,repasse_ac!$F:$F,$D74,repasse_ac!$I:$I,"TTC PÓS"),2) -> 3.39 | P74: =O74-N74 -> -0.1 | Q74: =ROUND(SUMIFS(repasse_ac!$N:$N,repasse_ac!$A:$A,$A74,repasse_ac!$F:$F,$D74,repasse_ac!$I:$I,"TTC PRÉ"),2) -> 3.29 | R74: =ROUND(SUMIFS(repasse_ac!$N:$N,repasse_ac!$A:$A,$A74,repasse_ac!$F:$F,$D74,repasse_ac!$I:$I,"TTC PÓS"),2) -> 3.39 | S74: =R74-Q74 -> 0.1
A75: RR/AC | B75: GEO CO | C75: LATA 350 | D75: TA LT350 | E75: =_xlfn.XLOOKUP($D75,depara_repasse!E:E,depara_repasse!K:K) -> 12 | F75: =ROUND(SUMIFS(repasse_ac!$R:$R,repasse_ac!$A:$A,$A75,repasse_ac!$F:$F,$D75,repasse_ac!$I:$I,"TTC PRÉ"),2) -> 3.33 | G75: =ROUND(SUMIFS(repasse_ac!$R:$R,repasse_ac!$A:$A,$A75,repasse_ac!$F:$F,$D75,repasse_ac!$I:$I,"TTC PÓS"),2) -> 3.33 | H75: =G75-F75 -> 0 | I75: =(ROUNDDOWN(ROUND(G75*(1+0.2),2)*100/10,0)*10+IF(MOD(ROUND(G75*(1+0.2),2)*100,10)>4,9,-1))/100 -> 3.99 | J75: =ROUND(SUMIFS(repasse_ac!$P:$P,repasse_ac!$A:$A,$A75,repasse_ac!$F:$F,$D75,repasse_ac!$I:$I,"TTC PRÉ"),2) -> 2.92 | K75: =ROUND(SUMIFS(repasse_ac!$P:$P,repasse_ac!$A:$A,$A75,repasse_ac!$F:$F,$D75,repasse_ac!$I:$I,"TTC PÓS"),2) -> 2.92 | L75: =K75-J75 -> 0 | M75: =(ROUNDDOWN(ROUND(K75*(1+0.2),2)*100/10,0)*10+IF(MOD(ROUND(K75*(1+0.2),2)*100,10)>4,9,-1))/100 -> 3.49 | N75: =ROUND(SUMIFS(repasse_ac!$J:$J,repasse_ac!$A:$A,$A75,repasse_ac!$F:$F,$D75,repasse_ac!$I:$I,"TTC PRÉ"),2) -> 3.49 | O75: =ROUND(SUMIFS(repasse_ac!$J:$J,repasse_ac!$A:$A,$A75,repasse_ac!$F:$F,$D75,repasse_ac!$I:$I,"TTC PÓS"),2) -> 3.49 | P75: =O75-N75 -> 0 | Q75: =ROUND(SUMIFS(repasse_ac!$N:$N,repasse_ac!$A:$A,$A75,repasse_ac!$F:$F,$D75,repasse_ac!$I:$I,"TTC PRÉ"),2) -> 3.49 | R75: =ROUND(SUMIFS(repasse_ac!$N:$N,repasse_ac!$A:$A,$A75,repasse_ac!$F:$F,$D75,repasse_ac!$I:$I,"TTC PÓS"),2) -> 3.49 | S75: =R75-Q75 -> 0
A76: RR/AC | B76: GEO CO | C76: LATA 350 | D76: PACK 18 | E76: =_xlfn.XLOOKUP($D76,depara_repasse!E:E,depara_repasse!K:K) -> 18 | F76: =ROUND(SUMIFS(repasse_ac!$R:$R,repasse_ac!$A:$A,$A76,repasse_ac!$F:$F,$D76,repasse_ac!$I:$I,"TTC PRÉ"),2) -> 0 | G76: =ROUND(SUMIFS(repasse_ac!$R:$R,repasse_ac!$A:$A,$A76,repasse_ac!$F:$F,$D76,repasse_ac!$I:$I,"TTC PÓS"),2) -> 0 | H76: =G76-F76 -> 0 | I76: =(ROUNDDOWN(ROUND(G76*(1+0.2),2)*100/10,0)*10+IF(MOD(ROUND(G76*(1+0.2),2)*100,10)>4,9,-1))/100 -> -0.01 | J76: =ROUND(SUMIFS(repasse_ac!$P:$P,repasse_ac!$A:$A,$A76,repasse_ac!$F:$F,$D76,repasse_ac!$I:$I,"TTC PRÉ"),2) -> 0 | K76: =ROUND(SUMIFS(repasse_ac!$P:$P,repasse_ac!$A:$A,$A76,repasse_ac!$F:$F,$D76,repasse_ac!$I:$I,"TTC PÓS"),2) -> 0 | L76: =K76-J76 -> 0 | M76: =(ROUNDDOWN(ROUND(K76*(1+0.2),2)*100/10,0)*10+IF(MOD(ROUND(K76*(1+0.2),2)*100,10)>4,9,-1))/100 -> -0.01 | N76: =ROUND(SUMIFS(repasse_ac!$J:$J,repasse_ac!$A:$A,$A76,repasse_ac!$F:$F,$D76,repasse_ac!$I:$I,"TTC PRÉ"),2) -> 0 | O76: =ROUND(SUMIFS(repasse_ac!$J:$J,repasse_ac!$A:$A,$A76,repasse_ac!$F:$F,$D76,repasse_ac!$I:$I,"TTC PÓS"),2) -> 0 | P76: =O76-N76 -> 0 | Q76: =ROUND(SUMIFS(repasse_ac!$N:$N,repasse_ac!$A:$A,$A76,repasse_ac!$F:$F,$D76,repasse_ac!$I:$I,"TTC PRÉ"),2) -> 0 | R76: =ROUND(SUMIFS(repasse_ac!$N:$N,repasse_ac!$A:$A,$A76,repasse_ac!$F:$F,$D76,repasse_ac!$I:$I,"TTC PÓS"),2) -> 0 | S76: =R76-Q76 -> 0
A77: RR/AC | B77: GEO CO | C77: PET 500 | D77: H2OH P500 | E77: =_xlfn.XLOOKUP($D77,depara_repasse!E:E,depara_repasse!K:K) -> 12 | F77: =ROUND(SUMIFS(repasse_ac!$R:$R,repasse_ac!$A:$A,$A77,repasse_ac!$F:$F,$D77,repasse_ac!$I:$I,"TTC PRÉ"),2) -> 4.31 | G77: =ROUND(SUMIFS(repasse_ac!$R:$R,repasse_ac!$A:$A,$A77,repasse_ac!$F:$F,$D77,repasse_ac!$I:$I,"TTC PÓS"),2) -> 4.31 | H77: =G77-F77 -> 0 | I77: =(ROUNDDOWN(ROUND(G77*(1+0.2),2)*100/10,0)*10+IF(MOD(ROUND(G77*(1+0.2),2)*100,10)>4,9,-1))/100 -> 5.19 | J77: =ROUND(SUMIFS(repasse_ac!$P:$P,repasse_ac!$A:$A,$A77,repasse_ac!$F:$F,$D77,repasse_ac!$I:$I,"TTC PRÉ"),2) -> 4.16 | K77: =ROUND(SUMIFS(repasse_ac!$P:$P,repasse_ac!$A:$A,$A77,repasse_ac!$F:$F,$D77,repasse_ac!$I:$I,"TTC PÓS"),2) -> 4.16 | L77: =K77-J77 -> 0 | M77: =(ROUNDDOWN(ROUND(K77*(1+0.2),2)*100/10,0)*10+IF(MOD(ROUND(K77*(1+0.2),2)*100,10)>4,9,-1))/100 -> 4.99 | N77: =ROUND(SUMIFS(repasse_ac!$J:$J,repasse_ac!$A:$A,$A77,repasse_ac!$F:$F,$D77,repasse_ac!$I:$I,"TTC PRÉ"),2) -> 4.99 | O77: =ROUND(SUMIFS(repasse_ac!$J:$J,repasse_ac!$A:$A,$A77,repasse_ac!$F:$F,$D77,repasse_ac!$I:$I,"TTC PÓS"),2) -> 4.99 | P77: =O77-N77 -> 0 | Q77: =ROUND(SUMIFS(repasse_ac!$N:$N,repasse_ac!$A:$A,$A77,repasse_ac!$F:$F,$D77,repasse_ac!$I:$I,"TTC PRÉ"),2) -> 4.79 | R77: =ROUND(SUMIFS(repasse_ac!$N:$N,repasse_ac!$A:$A,$A77,repasse_ac!$F:$F,$D77,repasse_ac!$I:$I,"TTC PÓS"),2) -> 4.79 | S77: =R77-Q77 -> 0
A78: RR/AC | B78: GEO CO | C78: PET 600 | D78: GCA P600 | E78: =_xlfn.XLOOKUP($D78,depara_repasse!E:E,depara_repasse!K:K) -> 12 | F78: =ROUND(SUMIFS(repasse_ac!$R:$R,repasse_ac!$A:$A,$A78,repasse_ac!$F:$F,$D78,repasse_ac!$I:$I,"TTC PRÉ"),2) -> 4.06 | G78: =ROUND(SUMIFS(repasse_ac!$R:$R,repasse_ac!$A:$A,$A78,repasse_ac!$F:$F,$D78,repasse_ac!$I:$I,"TTC PÓS"),2) -> 4.06 | H78: =G78-F78 -> 0 | I78: =(ROUNDDOWN(ROUND(G78*(1+0.2),2)*100/10,0)*10+IF(MOD(ROUND(G78*(1+0.2),2)*100,10)>4,9,-1))/100 -> 4.89 | J78: =ROUND(SUMIFS(repasse_ac!$P:$P,repasse_ac!$A:$A,$A78,repasse_ac!$F:$F,$D78,repasse_ac!$I:$I,"TTC PRÉ"),2) -> 3.75 | K78: =ROUND(SUMIFS(repasse_ac!$P:$P,repasse_ac!$A:$A,$A78,repasse_ac!$F:$F,$D78,repasse_ac!$I:$I,"TTC PÓS"),2) -> 4.17 | L78: =K78-J78 -> 0.42 | M78: =(ROUNDDOWN(ROUND(K78*(1+0.2),2)*100/10,0)*10+IF(MOD(ROUND(K78*(1+0.2),2)*100,10)>4,9,-1))/100 -> 4.99 | N78: =ROUND(SUMIFS(repasse_ac!$J:$J,repasse_ac!$A:$A,$A78,repasse_ac!$F:$F,$D78,repasse_ac!$I:$I,"TTC PRÉ"),2) -> 4.49 | O78: =ROUND(SUMIFS(repasse_ac!$J:$J,repasse_ac!$A:$A,$A78,repasse_ac!$F:$F,$D78,repasse_ac!$I:$I,"TTC PÓS"),2) -> 4.99 | P78: =O78-N78 -> 0.5 | Q78: =ROUND(SUMIFS(repasse_ac!$N:$N,repasse_ac!$A:$A,$A78,repasse_ac!$F:$F,$D78,repasse_ac!$I:$I,"TTC PRÉ"),2) -> 4.49 | R78: =ROUND(SUMIFS(repasse_ac!$N:$N,repasse_ac!$A:$A,$A78,repasse_ac!$F:$F,$D78,repasse_ac!$I:$I,"TTC PÓS"),2) -> 4.49 | S78: =R78-Q78 -> 0
A79: RR/AC | B79: GEO CO | C79: PET 600 | D79: GCAD P600 | E79: =_xlfn.XLOOKUP($D79,depara_repasse!E:E,depara_repasse!K:K) -> 12 | F79: =ROUND(SUMIFS(repasse_ac!$R:$R,repasse_ac!$A:$A,$A79,repasse_ac!$F:$F,$D79,repasse_ac!$I:$I,"TTC PRÉ"),2) -> 4.06 | G79: =ROUND(SUMIFS(repasse_ac!$R:$R,repasse_ac!$A:$A,$A79,repasse_ac!$F:$F,$D79,repasse_ac!$I:$I,"TTC PÓS"),2) -> 4.06 | H79: =G79-F79 -> 0 | I79: =(ROUNDDOWN(ROUND(G79*(1+0.2),2)*100/10,0)*10+IF(MOD(ROUND(G79*(1+0.2),2)*100,10)>4,9,-1))/100 -> 4.89 | J79: =ROUND(SUMIFS(repasse_ac!$P:$P,repasse_ac!$A:$A,$A79,repasse_ac!$F:$F,$D79,repasse_ac!$I:$I,"TTC PRÉ"),2) -> 3.75 | K79: =ROUND(SUMIFS(repasse_ac!$P:$P,repasse_ac!$A:$A,$A79,repasse_ac!$F:$F,$D79,repasse_ac!$I:$I,"TTC PÓS"),2) -> 4.17 | L79: =K79-J79 -> 0.42 | M79: =(ROUNDDOWN(ROUND(K79*(1+0.2),2)*100/10,0)*10+IF(MOD(ROUND(K79*(1+0.2),2)*100,10)>4,9,-1))/100 -> 4.99 | N79: =ROUND(SUMIFS(repasse_ac!$J:$J,repasse_ac!$A:$A,$A79,repasse_ac!$F:$F,$D79,repasse_ac!$I:$I,"TTC PRÉ"),2) -> 4.49 | O79: =ROUND(SUMIFS(repasse_ac!$J:$J,repasse_ac!$A:$A,$A79,repasse_ac!$F:$F,$D79,repasse_ac!$I:$I,"TTC PÓS"),2) -> 4.99 | P79: =O79-N79 -> 0.5 | Q79: =ROUND(SUMIFS(repasse_ac!$N:$N,repasse_ac!$A:$A,$A79,repasse_ac!$F:$F,$D79,repasse_ac!$I:$I,"TTC PRÉ"),2) -> 4.49 | R79: =ROUND(SUMIFS(repasse_ac!$N:$N,repasse_ac!$A:$A,$A79,repasse_ac!$F:$F,$D79,repasse_ac!$I:$I,"TTC PÓS"),2) -> 4.49 | S79: =R79-Q79 -> 0
A80: RR/AC | B80: GEO CO | C80: PET 600 | D80: PC P600 | E80: =_xlfn.XLOOKUP($D80,depara_repasse!E:E,depara_repasse!K:K) -> 12 | F80: =ROUND(SUMIFS(repasse_ac!$R:$R,repasse_ac!$A:$A,$A80,repasse_ac!$F:$F,$D80,repasse_ac!$I:$I,"TTC PRÉ"),2) -> 3.87 | G80: =ROUND(SUMIFS(repasse_ac!$R:$R,repasse_ac!$A:$A,$A80,repasse_ac!$F:$F,$D80,repasse_ac!$I:$I,"TTC PÓS"),2) -> 3.87 | H80: =G80-F80 -> 0 | I80: =(ROUNDDOWN(ROUND(G80*(1+0.2),2)*100/10,0)*10+IF(MOD(ROUND(G80*(1+0.2),2)*100,10)>4,9,-1))/100 -> 4.59 | J80: =ROUND(SUMIFS(repasse_ac!$P:$P,repasse_ac!$A:$A,$A80,repasse_ac!$F:$F,$D80,repasse_ac!$I:$I,"TTC PRÉ"),2) -> 3.51 | K80: =ROUND(SUMIFS(repasse_ac!$P:$P,repasse_ac!$A:$A,$A80,repasse_ac!$F:$F,$D80,repasse_ac!$I:$I,"TTC PÓS"),2) -> 3.76 | L80: =K80-J80 -> 0.25 | M80: =(ROUNDDOWN(ROUND(K80*(1+0.2),2)*100/10,0)*10+IF(MOD(ROUND(K80*(1+0.2),2)*100,10)>4,9,-1))/100 -> 4.49 | N80: =ROUND(SUMIFS(repasse_ac!$J:$J,repasse_ac!$A:$A,$A80,repasse_ac!$F:$F,$D80,repasse_ac!$I:$I,"TTC PRÉ"),2) -> 4.19 | O80: =ROUND(SUMIFS(repasse_ac!$J:$J,repasse_ac!$A:$A,$A80,repasse_ac!$F:$F,$D80,repasse_ac!$I:$I,"TTC PÓS"),2) -> 4.49 | P80: =O80-N80 -> 0.3 | Q80: =ROUND(SUMIFS(repasse_ac!$N:$N,repasse_ac!$A:$A,$A80,repasse_ac!$F:$F,$D80,repasse_ac!$I:$I,"TTC PRÉ"),2) -> 4.29 | R80: =ROUND(SUMIFS(repasse_ac!$N:$N,repasse_ac!$A:$A,$A80,repasse_ac!$F:$F,$D80,repasse_ac!$I:$I,"TTC PÓS"),2) -> 4.29 | S80: =R80-Q80 -> 0
... A109: RR/AC | B109: GEO CO | C109: PET 1L | D109: FUSION P1 | E109: =_xlfn.XLOOKUP($D109,depara_repasse!E:E,depara_repasse!K:K) -> 6 | F109: =ROUND(SUMIFS(repasse_ac!$R:$R,repasse_ac!$A:$A,$A109,repasse_ac!$F:$F,$D109,repasse_ac!$I:$I,"TTC PRÉ"),2) -> 6.75 | G109: =ROUND(SUMIFS(repasse_ac!$R:$R,repasse_ac!$A:$A,$A109,repasse_ac!$F:$F,$D109,repasse_ac!$I:$I,"TTC PÓS"),2) -> 6.75 | H109: =G109-F109 -> 0 | I109: =(ROUNDDOWN(ROUND(G109*(1+0.2),2)*100/10,0)*10+IF(MOD(ROUND(G109*(1+0.2),2)*100,10)>4,9,-1))/100 -> 8.09 | J109: =ROUND(SUMIFS(repasse_ac!$P:$P,repasse_ac!$A:$A,$A109,repasse_ac!$F:$F,$D109,repasse_ac!$I:$I,"TTC PRÉ"),2) -> 6.08 | K109: =ROUND(SUMIFS(repasse_ac!$P:$P,repasse_ac!$A:$A,$A109,repasse_ac!$F:$F,$D109,repasse_ac!$I:$I,"TTC PÓS"),2) -> 6.08 | L109: =K109-J109 -> 0 | M109: =(ROUNDDOWN(ROUND(K109*(1+0.2),2)*100/10,0)*10+IF(MOD(ROUND(K109*(1+0.2),2)*100,10)>4,9,-1))/100 -> 7.29 | N109: =ROUND(SUMIFS(repasse_ac!$J:$J,repasse_ac!$A:$A,$A109,repasse_ac!$F:$F,$D109,repasse_ac!$I:$I,"TTC PRÉ"),2) -> 8.49 | O109: =ROUND(SUMIFS(repasse_ac!$J:$J,repasse_ac!$A:$A,$A109,repasse_ac!$F:$F,$D109,repasse_ac!$I:$I,"TTC PÓS"),2) -> 8.49 | P109: =O109-N109 -> 0 | Q109: =ROUND(SUMIFS(repasse_ac!$N:$N,repasse_ac!$A:$A,$A109,repasse_ac!$F:$F,$D109,repasse_ac!$I:$I,"TTC PRÉ"),2) -> 7.49 | R109: =ROUND(SUMIFS(repasse_ac!$N:$N,repasse_ac!$A:$A,$A109,repasse_ac!$F:$F,$D109,repasse_ac!$I:$I,"TTC PÓS"),2) -> 7.49 | S109: =R109-Q109 -> 0
A110: RR/AC | B110: GEO CO | C110: PET 2L | D110: FUSION P2 | E110: =_xlfn.XLOOKUP($D110,depara_repasse!E:E,depara_repasse!K:K) -> 6 | F110: =ROUND(SUMIFS(repasse_ac!$R:$R,repasse_ac!$A:$A,$A110,repasse_ac!$F:$F,$D110,repasse_ac!$I:$I,"TTC PRÉ"),2) -> 9 | G110: =ROUND(SUMIFS(repasse_ac!$R:$R,repasse_ac!$A:$A,$A110,repasse_ac!$F:$F,$D110,repasse_ac!$I:$I,"TTC PÓS"),2) -> 9 | H110: =G110-F110 -> 0 | I110: 10.49 | J110: =ROUND(SUMIFS(repasse_ac!$P:$P,repasse_ac!$A:$A,$A110,repasse_ac!$F:$F,$D110,repasse_ac!$I:$I,"TTC PRÉ"),2) -> 7.5 | K110: =ROUND(SUMIFS(repasse_ac!$P:$P,repasse_ac!$A:$A,$A110,repasse_ac!$F:$F,$D110,repasse_ac!$I:$I,"TTC PÓS"),2) -> 7.5 | L110: =K110-J110 -> 0 | M110: 9.99 | N110: =ROUND(SUMIFS(repasse_ac!$J:$J,repasse_ac!$A:$A,$A110,repasse_ac!$F:$F,$D110,repasse_ac!$I:$I,"TTC PRÉ"),2) -> 10.49 | O110: =ROUND(SUMIFS(repasse_ac!$J:$J,repasse_ac!$A:$A,$A110,repasse_ac!$F:$F,$D110,repasse_ac!$I:$I,"TTC PÓS"),2) -> 10.49 | P110: =O110-N110 -> 0 | Q110: =ROUND(SUMIFS(repasse_ac!$N:$N,repasse_ac!$A:$A,$A110,repasse_ac!$F:$F,$D110,repasse_ac!$I:$I,"TTC PRÉ"),2) -> 9.99 | R110: =ROUND(SUMIFS(repasse_ac!$N:$N,repasse_ac!$A:$A,$A110,repasse_ac!$F:$F,$D110,repasse_ac!$I:$I,"TTC PÓS"),2) -> 9.99 | S110: =R110-Q110 -> 0
A111: RR/AC | B111: GEO CO | C111: LATA 250 | D111: RB 250 | E111: =_xlfn.XLOOKUP($D111,depara_repasse!E:E,depara_repasse!K:K) -> 4 | F111: =ROUND(SUMIFS(repasse_ac!$R:$R,repasse_ac!$A:$A,$A111,repasse_ac!$F:$F,$D111,repasse_ac!$I:$I,"TTC PRÉ"),2) -> 8.05 | G111: =ROUND(SUMIFS(repasse_ac!$R:$R,repasse_ac!$A:$A,$A111,repasse_ac!$F:$F,$D111,repasse_ac!$I:$I,"TTC PÓS"),2) -> 8.05 | H111: =G111-F111 -> 0 | I111: =(ROUNDDOWN(ROUND(G111*(1+0.2),2)*100/10,0)*10+IF(MOD(ROUND(G111*(1+0.2),2)*100,10)>4,9,-1))/100 -> 9.69 | J111: =ROUND(SUMIFS(repasse_ac!$P:$P,repasse_ac!$A:$A,$A111,repasse_ac!$F:$F,$D111,repasse_ac!$I:$I,"TTC PRÉ"),2) -> 7.98 | K111: =ROUND(SUMIFS(repasse_ac!$P:$P,repasse_ac!$A:$A,$A111,repasse_ac!$F:$F,$D111,repasse_ac!$I:$I,"TTC PÓS"),2) -> 7.98 | L111: =K111-J111 -> 0 | M111: =(ROUNDDOWN(ROUND(K111*(1+0.2),2)*100/10,0)*10+IF(MOD(ROUND(K111*(1+0.2),2)*100,10)>4,9,-1))/100 -> 9.59 | N111: =ROUND(SUMIFS(repasse_ac!$J:$J,repasse_ac!$A:$A,$A111,repasse_ac!$F:$F,$D111,repasse_ac!$I:$I,"TTC PRÉ"),2) -> 10.49 | O111: =ROUND(SUMIFS(repasse_ac!$J:$J,repasse_ac!$A:$A,$A111,repasse_ac!$F:$F,$D111,repasse_ac!$I:$I,"TTC PÓS"),2) -> 10.49 | P111: =O111-N111 -> 0 | Q111: =ROUND(SUMIFS(repasse_ac!$N:$N,repasse_ac!$A:$A,$A111,repasse_ac!$F:$F,$D111,repasse_ac!$I:$I,"TTC PRÉ"),2) -> 10.49 | R111: =ROUND(SUMIFS(repasse_ac!$N:$N,repasse_ac!$A:$A,$A111,repasse_ac!$F:$F,$D111,repasse_ac!$I:$I,"TTC PÓS"),2) -> 10.49 | S111: =R111-Q111 -> 0
A112: RR/AC | B112: GEO CO | C112: LATA 355 | D112: RB 355 | E112: =_xlfn.XLOOKUP($D112,depara_repasse!E:E,depara_repasse!K:K) -> 4 | F112: =ROUND(SUMIFS(repasse_ac!$R:$R,repasse_ac!$A:$A,$A112,repasse_ac!$F:$F,$D112,repasse_ac!$I:$I,"TTC PRÉ"),2) -> 10.25 | G112: =ROUND(SUMIFS(repasse_ac!$R:$R,repasse_ac!$A:$A,$A112,repasse_ac!$F:$F,$D112,repasse_ac!$I:$I,"TTC PÓS"),2) -> 10.25 | H112: =G112-F112 -> 0 | I112: =(ROUNDDOWN(ROUND(G112*(1+0.2),2)*100/10,0)*10+IF(MOD(ROUND(G112*(1+0.2),2)*100,10)>4,9,-1))/100 -> 12.29 | J112: =ROUND(SUMIFS(repasse_ac!$P:$P,repasse_ac!$A:$A,$A112,repasse_ac!$F:$F,$D112,repasse_ac!$I:$I,"TTC PRÉ"),2) -> 9.53 | K112: =ROUND(SUMIFS(repasse_ac!$P:$P,repasse_ac!$A:$A,$A112,repasse_ac!$F:$F,$D112,repasse_ac!$I:$I,"TTC PÓS"),2) -> 9.53 | L112: =K112-J112 -> 0 | M112: =(ROUNDDOWN(ROUND(K112*(1+0.2),2)*100/10,0)*10+IF(MOD(ROUND(K112*(1+0.2),2)*100,10)>4,9,-1))/100 -> 11.39 | N112: =ROUND(SUMIFS(repasse_ac!$J:$J,repasse_ac!$A:$A,$A112,repasse_ac!$F:$F,$D112,repasse_ac!$I:$I,"TTC PRÉ"),2) -> 13.99 | O112: =ROUND(SUMIFS(repasse_ac!$J:$J,repasse_ac!$A:$A,$A112,repasse_ac!$F:$F,$D112,repasse_ac!$I:$I,"TTC PÓS"),2) -> 13.99 | P112: =O112-N112 -> 0 | Q112: =ROUND(SUMIFS(repasse_ac!$N:$N,repasse_ac!$A:$A,$A112,repasse_ac!$F:$F,$D112,repasse_ac!$I:$I,"TTC PRÉ"),2) -> 13.99 | R112: =ROUND(SUMIFS(repasse_ac!$N:$N,repasse_ac!$A:$A,$A112,repasse_ac!$F:$F,$D112,repasse_ac!$I:$I,"TTC PÓS"),2) -> 13.99 | S112: =R112-Q112 -> 0
A113: RR/AC | B113: GEO CO | C113: PET 200 | D113: PCB P200 | E113: 12 | F113: =ROUND(SUMIFS(repasse_ac!$R:$R,repasse_ac!$A:$A,$A113,repasse_ac!$F:$F,$D113,repasse_ac!$I:$I,"TTC PRÉ"),2) -> 1.63 | G113: =ROUND(SUMIFS(repasse_ac!$R:$R,repasse_ac!$A:$A,$A113,repasse_ac!$F:$F,$D113,repasse_ac!$I:$I,"TTC PÓS"),2) -> 1.72 | H113: =G113-F113 -> 0.09 | I113: =(ROUNDDOWN(ROUND(G113*(1+0.2),2)*100/10,0)*10+IF(MOD(ROUND(G113*(1+0.2),2)*100,10)>4,9,-1))/100 -> 2.09 | J113: =ROUND(SUMIFS(repasse_ac!$P:$P,repasse_ac!$A:$A,$A113,repasse_ac!$F:$F,$D113,repasse_ac!$I:$I,"TTC PRÉ"),2) -> 1.59 | K113: =ROUND(SUMIFS(repasse_ac!$P:$P,repasse_ac!$A:$A,$A113,repasse_ac!$F:$F,$D113,repasse_ac!$I:$I,"TTC PÓS"),2) -> 1.67 | L113: =K113-J113 -> 0.08 | M113: =(ROUNDDOWN(ROUND(K113*(1+0.2),2)*100/10,0)*10+IF(MOD(ROUND(K113*(1+0.2),2)*100,10)>4,9,-1))/100 -> 1.99 | N113: =ROUND(SUMIFS(repasse_ac!$J:$J,repasse_ac!$A:$A,$A113,repasse_ac!$F:$F,$D113,repasse_ac!$I:$I,"TTC PRÉ"),2) -> 1.89 | O113: =ROUND(SUMIFS(repasse_ac!$J:$J,repasse_ac!$A:$A,$A113,repasse_ac!$F:$F,$D113,repasse_ac!$I:$I,"TTC PÓS"),2) -> 1.99 | P113: =O113-N113 -> 0.1 | Q113: =ROUND(SUMIFS(repasse_ac!$N:$N,repasse_ac!$A:$A,$A113,repasse_ac!$F:$F,$D113,repasse_ac!$I:$I,"TTC PRÉ"),2) -> 1.79 | R113: =ROUND(SUMIFS(repasse_ac!$N:$N,repasse_ac!$A:$A,$A113,repasse_ac!$F:$F,$D113,repasse_ac!$I:$I,"TTC PÓS"),2) -> 1.89 | S113: =R113-Q113 -> 0.1
A114: RR/AC | B114: GEO CO | C114: LATA 350 | D114: PCB LT350 | E114: 12 | F114: =ROUND(SUMIFS(repasse_ac!$R:$R,repasse_ac!$A:$A,$A114,repasse_ac!$F:$F,$D114,repasse_ac!$I:$I,"TTC PRÉ"),2) -> 2.96 | G114: =ROUND(SUMIFS(repasse_ac!$R:$R,repasse_ac!$A:$A,$A114,repasse_ac!$F:$F,$D114,repasse_ac!$I:$I,"TTC PÓS"),2) -> 3.05 | H114: =G114-F114 -> 0.09 | I114: =(ROUNDDOWN(ROUND(G114*(1+0.2),2)*100/10,0)*10+IF(MOD(ROUND(G114*(1+0.2),2)*100,10)>4,9,-1))/100 -> 3.69 | J114: =ROUND(SUMIFS(repasse_ac!$P:$P,repasse_ac!$A:$A,$A114,repasse_ac!$F:$F,$D114,repasse_ac!$I:$I,"TTC PRÉ"),2) -> 2.91 | K114: =ROUND(SUMIFS(repasse_ac!$P:$P,repasse_ac!$A:$A,$A114,repasse_ac!$F:$F,$D114,repasse_ac!$I:$I,"TTC PÓS"),2) -> 2.83 | L114: =K114-J114 -> -0.08 | M114: =(ROUNDDOWN(ROUND(K114*(1+0.2),2)*100/10,0)*10+IF(MOD(ROUND(K114*(1+0.2),2)*100,10)>4,9,-1))/100 -> 3.39 | N114: =ROUND(SUMIFS(repasse_ac!$J:$J,repasse_ac!$A:$A,$A114,repasse_ac!$F:$F,$D114,repasse_ac!$I:$I,"TTC PRÉ"),2) -> 3.49 | O114: =ROUND(SUMIFS(repasse_ac!$J:$J,repasse_ac!$A:$A,$A114,repasse_ac!$F:$F,$D114,repasse_ac!$I:$I,"TTC PÓS"),2) -> 3.39 | P114: =O114-N114 -> -0.1 | Q114: =ROUND(SUMIFS(repasse_ac!$N:$N,repasse_ac!$A:$A,$A114,repasse_ac!$F:$F,$D114,repasse_ac!$I:$I,"TTC PRÉ"),2) -> 3.29 | R114: =ROUND(SUMIFS(repasse_ac!$N:$N,repasse_ac!$A:$A,$A114,repasse_ac!$F:$F,$D114,repasse_ac!$I:$I,"TTC PÓS"),2) -> 3.39 | S114: =R114-Q114 -> 0.1
A115: RR/AC | B115: GEO CO | C115: PET 1L | D115: PCB P1 | E115: 6 | F115: =ROUND(SUMIFS(repasse_ac!$R:$R,repasse_ac!$A:$A,$A115,repasse_ac!$F:$F,$D115,repasse_ac!$I:$I,"TTC PRÉ"),2) -> 4.11 | G115: =ROUND(SUMIFS(repasse_ac!$R:$R,repasse_ac!$A:$A,$A115,repasse_ac!$F:$F,$D115,repasse_ac!$I:$I,"TTC PÓS"),2) -> 4.37 | H115: =G115-F115 -> 0.26 | I115: =(ROUNDDOWN(ROUND(G115*(1+0.2),2)*100/10,0)*10+IF(MOD(ROUND(G115*(1+0.2),2)*100,10)>4,9,-1))/100 -> 5.19 | J115: =ROUND(SUMIFS(repasse_ac!$P:$P,repasse_ac!$A:$A,$A115,repasse_ac!$F:$F,$D115,repasse_ac!$I:$I,"TTC PRÉ"),2) -> 4.01 | K115: =ROUND(SUMIFS(repasse_ac!$P:$P,repasse_ac!$A:$A,$A115,repasse_ac!$F:$F,$D115,repasse_ac!$I:$I,"TTC PÓS"),2) -> 3.33 | L115: =K115-J115 -> -0.68 | M115: =(ROUNDDOWN(ROUND(K115*(1+0.2),2)*100/10,0)*10+IF(MOD(ROUND(K115*(1+0.2),2)*100,10)>4,9,-1))/100 -> 3.99 | N115: =ROUND(SUMIFS(repasse_ac!$J:$J,repasse_ac!$A:$A,$A115,repasse_ac!$F:$F,$D115,repasse_ac!$I:$I,"TTC PRÉ"),2) -> 4.79 | O115: =ROUND(SUMIFS(repasse_ac!$J:$J,repasse_ac!$A:$A,$A115,repasse_ac!$F:$F,$D115,repasse_ac!$I:$I,"TTC PÓS"),2) -> 4.99 | P115: =O115-N115 -> 0.2 | Q115: =ROUND(SUMIFS(repasse_ac!$N:$N,repasse_ac!$A:$A,$A115,repasse_ac!$F:$F,$D115,repasse_ac!$I:$I,"TTC PRÉ"),2) -> 4.69 | R115: =ROUND(SUMIFS(repasse_ac!$N:$N,repasse_ac!$A:$A,$A115,repasse_ac!$F:$F,$D115,repasse_ac!$I:$I,"TTC PÓS"),2) -> 4.99 | S115: =R115-Q115 -> 0.3
A116: RR/AC | B116: GEO CO | C116: PET 1,5L | D116: PCB P1,5 | E116: 6 | F116: =ROUND(SUMIFS(repasse_ac!$R:$R,repasse_ac!$A:$A,$A116,repasse_ac!$F:$F,$D116,repasse_ac!$I:$I,"TTC PRÉ"),2) -> 5.4 | G116: =ROUND(SUMIFS(repasse_ac!$R:$R,repasse_ac!$A:$A,$A116,repasse_ac!$F:$F,$D116,repasse_ac!$I:$I,"TTC PÓS"),2) -> 5.4 | H116: =G116-F116 -> 0 | I116: =(ROUNDDOWN(ROUND(G116*(1+0.2),2)*100/10,0)*10+IF(MOD(ROUND(G116*(1+0.2),2)*100,10)>4,9,-1))/100 -> 6.49 | J116: =ROUND(SUMIFS(repasse_ac!$P:$P,repasse_ac!$A:$A,$A116,repasse_ac!$F:$F,$D116,repasse_ac!$I:$I,"TTC PRÉ"),2) -> 5.26 | K116: =ROUND(SUMIFS(repasse_ac!$P:$P,repasse_ac!$A:$A,$A116,repasse_ac!$F:$F,$D116,repasse_ac!$I:$I,"TTC PÓS"),2) -> 4.99 | L116: =K116-J116 -> -0.27 | M116: =(ROUNDDOWN(ROUND(K116*(1+0.2),2)*100/10,0)*10+IF(MOD(ROUND(K116*(1+0.2),2)*100,10)>4,9,-1))/100 -> 5.99 | N116: =ROUND(SUMIFS(repasse_ac!$J:$J,repasse_ac!$A:$A,$A116,repasse_ac!$F:$F,$D116,repasse_ac!$I:$I,"TTC PRÉ"),2) -> 6.29 | O116: =ROUND(SUMIFS(repasse_ac!$J:$J,repasse_ac!$A:$A,$A116,repasse_ac!$F:$F,$D116,repasse_ac!$I:$I,"TTC PÓS"),2) -> 6.29 | P116: =O116-N116 -> 0 | Q116: =ROUND(SUMIFS(repasse_ac!$N:$N,repasse_ac!$A:$A,$A116,repasse_ac!$F:$F,$D116,repasse_ac!$I:$I,"TTC PRÉ"),2) -> 5.99 | R116: =ROUND(SUMIFS(repasse_ac!$N:$N,repasse_ac!$A:$A,$A116,repasse_ac!$F:$F,$D116,repasse_ac!$I:$I,"TTC PÓS"),2) -> 5.99 | S116: =R116-Q116 -> 0
A117: RR/AC | B117: GEO CO | C117: PET 2L | D117: PCB P2 | E117: 6 | F117: =ROUND(SUMIFS(repasse_ac!$R:$R,repasse_ac!$A:$A,$A117,repasse_ac!$F:$F,$D117,repasse_ac!$I:$I,"TTC PRÉ"),2) -> 7.9 | G117: =ROUND(SUMIFS(repasse_ac!$R:$R,repasse_ac!$A:$A,$A117,repasse_ac!$F:$F,$D117,repasse_ac!$I:$I,"TTC PÓS"),2) -> 7.71 | H117: =G117-F117 -> -0.19 | I117: =(ROUNDDOWN(ROUND(G117*(1+0.2),2)*100/10,0)*10+IF(MOD(ROUND(G117*(1+0.2),2)*100,10)>4,9,-1))/100 -> 9.29 | J117: =ROUND(SUMIFS(repasse_ac!$P:$P,repasse_ac!$A:$A,$A117,repasse_ac!$F:$F,$D117,repasse_ac!$I:$I,"TTC PRÉ"),2) -> 7.34 | K117: =ROUND(SUMIFS(repasse_ac!$P:$P,repasse_ac!$A:$A,$A117,repasse_ac!$F:$F,$D117,repasse_ac!$I:$I,"TTC PÓS"),2) -> 7.09 | L117: =K117-J117 -> -0.25 | M117: =(ROUNDDOWN(ROUND(K117*(1+0.2),2)*100/10,0)*10+IF(MOD(ROUND(K117*(1+0.2),2)*100,10)>4,9,-1))/100 -> 8.49 | N117: =ROUND(SUMIFS(repasse_ac!$J:$J,repasse_ac!$A:$A,$A117,repasse_ac!$F:$F,$D117,repasse_ac!$I:$I,"TTC PRÉ"),2) -> 8.79 | O117: =ROUND(SUMIFS(repasse_ac!$J:$J,repasse_ac!$A:$A,$A117,repasse_ac!$F:$F,$D117,repasse_ac!$I:$I,"TTC PÓS"),2) -> 8.49 | P117: =O117-N117 -> -0.3 | Q117: =ROUND(SUMIFS(repasse_ac!$N:$N,repasse_ac!$A:$A,$A117,repasse_ac!$F:$F,$D117,repasse_ac!$I:$I,"TTC PRÉ"),2) -> 8.49 | R117: =ROUND(SUMIFS(repasse_ac!$N:$N,repasse_ac!$A:$A,$A117,repasse_ac!$F:$F,$D117,repasse_ac!$I:$I,"TTC PÓS"),2) -> 8.29 | S117: =R117-Q117 -> -0.2
A118: DF | B118: GEO CO | C118: PET 200 | D118: GCA P200 | E118: =_xlfn.XLOOKUP($D118,depara_repasse!E:E,depara_repasse!K:K) -> 12 | F118: =ROUND(SUMIFS(repasse_ac!$R:$R,repasse_ac!$A:$A,$A118,repasse_ac!$F:$F,$D118,repasse_ac!$I:$I,"TTC PRÉ"),2) -> 1.62 | G118: =ROUND(SUMIFS(repasse_ac!$R:$R,repasse_ac!$A:$A,$A118,repasse_ac!$F:$F,$D118,repasse_ac!$I:$I,"TTC PÓS"),2) -> 1.71 | H118: =G118-F118 -> 0.09 | I118: =(ROUNDDOWN(ROUND(G118*(1+0.2),2)*100/10,0)*10+IF(MOD(ROUND(G118*(1+0.2),2)*100,10)>4,9,-1))/100 -> 2.09 | J118: =ROUND(SUMIFS(repasse_ac!$P:$P,repasse_ac!$A:$A,$A118,repasse_ac!$F:$F,$D118,repasse_ac!$I:$I,"TTC PRÉ"),2) -> 1.58 | K118: =ROUND(SUMIFS(repasse_ac!$P:$P,repasse_ac!$A:$A,$A118,repasse_ac!$F:$F,$D118,repasse_ac!$I:$I,"TTC PÓS"),2) -> 1.67 | L118: =K118-J118 -> 0.09 | M118: =(ROUNDDOWN(ROUND(K118*(1+0.2),2)*100/10,0)*10+IF(MOD(ROUND(K118*(1+0.2),2)*100,10)>4,9,-1))/100 -> 1.99 | N118: =ROUND(SUMIFS(repasse_ac!$J:$J,repasse_ac!$A:$A,$A118,repasse_ac!$F:$F,$D118,repasse_ac!$I:$I,"TTC PRÉ"),2) -> 1.99 | O118: =ROUND(SUMIFS(repasse_ac!$J:$J,repasse_ac!$A:$A,$A118,repasse_ac!$F:$F,$D118,repasse_ac!$I:$I,"TTC PÓS"),2) -> 1.99 | P118: =O118-N118 -> 0 | Q118: =ROUND(SUMIFS(repasse_ac!$N:$N,repasse_ac!$A:$A,$A118,repasse_ac!$F:$F,$D118,repasse_ac!$I:$I,"TTC PRÉ"),2) -> 1.79 | R118: =ROUND(SUMIFS(repasse_ac!$N:$N,repasse_ac!$A:$A,$A118,repasse_ac!$F:$F,$D118,repasse_ac!$I:$I,"TTC PÓS"),2) -> 1.89 | S118: =R118-Q118 -> 0.1
A119: DF | B119: GEO CO | C119: PET 200 | D119: GCAD P200 | E119: =_xlfn.XLOOKUP($D119,depara_repasse!E:E,depara_repasse!K:K) -> 12 | F119: =ROUND(SUMIFS(repasse_ac!$R:$R,repasse_ac!$A:$A,$A119,repasse_ac!$F:$F,$D119,repasse_ac!$I:$I,"TTC PRÉ"),2) -> 1.62 | G119: =ROUND(SUMIFS(repasse_ac!$R:$R,repasse_ac!$A:$A,$A119,repasse_ac!$F:$F,$D119,repasse_ac!$I:$I,"TTC PÓS"),2) -> 1.71 | H119: =G119-F119 -> 0.09 | I119: =(ROUNDDOWN(ROUND(G119*(1+0.2),2)*100/10,0)*10+IF(MOD(ROUND(G119*(1+0.2),2)*100,10)>4,9,-1))/100 -> 2.09 | J119: =ROUND(SUMIFS(repasse_ac!$P:$P,repasse_ac!$A:$A,$A119,repasse_ac!$F:$F,$D119,repasse_ac!$I:$I,"TTC PRÉ"),2) -> 1.58 | K119: =ROUND(SUMIFS(repasse_ac!$P:$P,repasse_ac!$A:$A,$A119,repasse_ac!$F:$F,$D119,repasse_ac!$I:$I,"TTC PÓS"),2) -> 1.67 | L119: =K119-J119 -> 0.09 | M119: =(ROUNDDOWN(ROUND(K119*(1+0.2),2)*100/10,0)*10+IF(MOD(ROUND(K119*(1+0.2),2)*100,10)>4,9,-1))/100 -> 1.99 | N119: =ROUND(SUMIFS(repasse_ac!$J:$J,repasse_ac!$A:$A,$A119,repasse_ac!$F:$F,$D119,repasse_ac!$I:$I,"TTC PRÉ"),2) -> 1.99 | O119: =ROUND(SUMIFS(repasse_ac!$J:$J,repasse_ac!$A:$A,$A119,repasse_ac!$F:$F,$D119,repasse_ac!$I:$I,"TTC PÓS"),2) -> 1.99 | P119: =O119-N119 -> 0 | Q119: =ROUND(SUMIFS(repasse_ac!$N:$N,repasse_ac!$A:$A,$A119,repasse_ac!$F:$F,$D119,repasse_ac!$I:$I,"TTC PRÉ"),2) -> 1.79 | R119: =ROUND(SUMIFS(repasse_ac!$N:$N,repasse_ac!$A:$A,$A119,repasse_ac!$F:$F,$D119,repasse_ac!$I:$I,"TTC PÓS"),2) -> 1.89 | S119: =R119-Q119 -> 0.1
A120: DF | B120: GEO CO | C120: PET 200 | D120: PC P200 | E120: =_xlfn.XLOOKUP($D120,depara_repasse!E:E,depara_repasse!K:K) -> 12 | F120: =ROUND(SUMIFS(repasse_ac!$R:$R,repasse_ac!$A:$A,$A120,repasse_ac!$F:$F,$D120,repasse_ac!$I:$I,"TTC PRÉ"),2) -> 1.63 | G120: =ROUND(SUMIFS(repasse_ac!$R:$R,repasse_ac!$A:$A,$A120,repasse_ac!$F:$F,$D120,repasse_ac!$I:$I,"TTC PÓS"),2) -> 1.71 | H120: =G120-F120 -> 0.08 | I120: =(ROUNDDOWN(ROUND(G120*(1+0.2),2)*100/10,0)*10+IF(MOD(ROUND(G120*(1+0.2),2)*100,10)>4,9,-1))/100 -> 2.09 | J120: =ROUND(SUMIFS(repasse_ac!$P:$P,repasse_ac!$A:$A,$A120,repasse_ac!$F:$F,$D120,repasse_ac!$I:$I,"TTC PRÉ"),2) -> 1.51 | K120: =ROUND(SUMIFS(repasse_ac!$P:$P,repasse_ac!$A:$A,$A120,repasse_ac!$F:$F,$D120,repasse_ac!$I:$I,"TTC PÓS"),2) -> 1.68 | L120: =K120-J120 -> 0.17 | M120: =(ROUNDDOWN(ROUND(K120*(1+0.2),2)*100/10,0)*10+IF(MOD(ROUND(K120*(1+0.2),2)*100,10)>4,9,-1))/100 -> 1.99 | N120: =ROUND(SUMIFS(repasse_ac!$J:$J,repasse_ac!$A:$A,$A120,repasse_ac!$F:$F,$D120,repasse_ac!$I:$I,"TTC PRÉ"),2) -> 1.79 | O120: =ROUND(SUMIFS(repasse_ac!$J:$J,repasse_ac!$A:$A,$A120,repasse_ac!$F:$F,$D120,repasse_ac!$I:$I,"TTC PÓS"),2) -> 1.99 | P120: =O120-N120 -> 0.2 | Q120: =ROUND(SUMIFS(repasse_ac!$N:$N,repasse_ac!$A:$A,$A120,repasse_ac!$F:$F,$D120,repasse_ac!$I:$I,"TTC PRÉ"),2) -> 1.69 | R120: =ROUND(SUMIFS(repasse_ac!$N:$N,repasse_ac!$A:$A,$A120,repasse_ac!$F:$F,$D120,repasse_ac!$I:$I,"TTC PÓS"),2) -> 1.89 | S120: =R120-Q120 -> 0.2
A121: DF | B121: GEO CO | C121: PET 200 | D121: SLA P200 | E121: =_xlfn.XLOOKUP($D121,depara_repasse!E:E,depara_repasse!K:K) -> 12 | F121: =ROUND(SUMIFS(repasse_ac!$R:$R,repasse_ac!$A:$A,$A121,repasse_ac!$F:$F,$D121,repasse_ac!$I:$I,"TTC PRÉ"),2) -> 1.63 | G121: =ROUND(SUMIFS(repasse_ac!$R:$R,repasse_ac!$A:$A,$A121,repasse_ac!$F:$F,$D121,repasse_ac!$I:$I,"TTC PÓS"),2) -> 1.71 | H121: =G121-F121 -> 0.08 | I121: =(ROUNDDOWN(ROUND(G121*(1+0.2),2)*100/10,0)*10+IF(MOD(ROUND(G121*(1+0.2),2)*100,10)>4,9,-1))/100 -> 2.09 | J121: =ROUND(SUMIFS(repasse_ac!$P:$P,repasse_ac!$A:$A,$A121,repasse_ac!$F:$F,$D121,repasse_ac!$I:$I,"TTC PRÉ"),2) -> 1.51 | K121: =ROUND(SUMIFS(repasse_ac!$P:$P,repasse_ac!$A:$A,$A121,repasse_ac!$F:$F,$D121,repasse_ac!$I:$I,"TTC PÓS"),2) -> 1.68 | L121: =K121-J121 -> 0.17 | M121: =(ROUNDDOWN(ROUND(K121*(1+0.2),2)*100/10,0)*10+IF(MOD(ROUND(K121*(1+0.2),2)*100,10)>4,9,-1))/100 -> 1.99 | N121: =ROUND(SUMIFS(repasse_ac!$J:$J,repasse_ac!$A:$A,$A121,repasse_ac!$F:$F,$D121,repasse_ac!$I:$I,"TTC PRÉ"),2) -> 1.79 | O121: =ROUND(SUMIFS(repasse_ac!$J:$J,repasse_ac!$A:$A,$A121,repasse_ac!$F:$F,$D121,repasse_ac!$I:$I,"TTC PÓS"),2) -> 1.99 | P121: =O121-N121 -> 0.2 | Q121: =ROUND(SUMIFS(repasse_ac!$N:$N,repasse_ac!$A:$A,$A121,repasse_ac!$F:$F,$D121,repasse_ac!$I:$I,"TTC PRÉ"),2) -> 1.69 | R121: =ROUND(SUMIFS(repasse_ac!$N:$N,repasse_ac!$A:$A,$A121,repasse_ac!$F:$F,$D121,repasse_ac!$I:$I,"TTC PÓS"),2) -> 1.89 | S121: =R121-Q121 -> 0.2
A122: DF | B122: GEO CO | C122: PET 200 | D122: SAB P200 | E122: =_xlfn.XLOOKUP($D122,depara_repasse!E:E,depara_repasse!K:K) -> 12 | F122: =ROUND(SUMIFS(repasse_ac!$R:$R,repasse_ac!$A:$A,$A122,repasse_ac!$F:$F,$D122,repasse_ac!$I:$I,"TTC PRÉ"),2) -> 1.63 | G122: =ROUND(SUMIFS(repasse_ac!$R:$R,repasse_ac!$A:$A,$A122,repasse_ac!$F:$F,$D122,repasse_ac!$I:$I,"TTC PÓS"),2) -> 1.71 | H122: =G122-F122 -> 0.08 | I122: =(ROUNDDOWN(ROUND(G122*(1+0.2),2)*100/10,0)*10+IF(MOD(ROUND(G122*(1+0.2),2)*100,10)>4,9,-1))/100 -> 2.09 | J122: =ROUND(SUMIFS(repasse_ac!$P:$P,repasse_ac!$A:$A,$A122,repasse_ac!$F:$F,$D122,repasse_ac!$I:$I,"TTC PRÉ"),2) -> 1.51 | K122: =ROUND(SUMIFS(repasse_ac!$P:$P,repasse_ac!$A:$A,$A122,repasse_ac!$F:$F,$D122,repasse_ac!$I:$I,"TTC PÓS"),2) -> 1.68 | L122: =K122-J122 -> 0.17 | M122: =(ROUNDDOWN(ROUND(K122*(1+0.2),2)*100/10,0)*10+IF(MOD(ROUND(K122*(1+0.2),2)*100,10)>4,9,-1))/100 -> 1.99 | N122: =ROUND(SUMIFS(repasse_ac!$J:$J,repasse_ac!$A:$A,$A122,repasse_ac!$F:$F,$D122,repasse_ac!$I:$I,"TTC PRÉ"),2) -> 1.79 | O122: =ROUND(SUMIFS(repasse_ac!$J:$J,repasse_ac!$A:$A,$A122,repasse_ac!$F:$F,$D122,repasse_ac!$I:$I,"TTC PÓS"),2) -> 1.99 | P122: =O122-N122 -> 0.2 | Q122: =ROUND(SUMIFS(repasse_ac!$N:$N,repasse_ac!$A:$A,$A122,repasse_ac!$F:$F,$D122,repasse_ac!$I:$I,"TTC PRÉ"),2) -> 1.69 | R122: =ROUND(SUMIFS(repasse_ac!$N:$N,repasse_ac!$A:$A,$A122,repasse_ac!$F:$F,$D122,repasse_ac!$I:$I,"TTC PÓS"),2) -> 1.89 | S122: =R122-Q122 -> 0.2
A123: DF | B123: GEO CO | C123: LATA 269 | D123: GCA LT269 | E123: 15 | F123: =ROUND(SUMIFS(repasse_ac!$R:$R,repasse_ac!$A:$A,$A123,repasse_ac!$F:$F,$D123,repasse_ac!$I:$I,"TTC PRÉ"),2) -> 2.19 | G123: =ROUND(SUMIFS(repasse_ac!$R:$R,repasse_ac!$A:$A,$A123,repasse_ac!$F:$F,$D123,repasse_ac!$I:$I,"TTC PÓS"),2) -> 2.19 | H123: =G123-F123 -> 0 | I123: =(ROUNDDOWN(ROUND(G123*(1+0.2),2)*100/10,0)*10+IF(MOD(ROUND(G123*(1+0.2),2)*100,10)>4,9,-1))/100 -> 2.59 | J123: =ROUND(SUMIFS(repasse_ac!$P:$P,repasse_ac!$A:$A,$A123,repasse_ac!$F:$F,$D123,repasse_ac!$I:$I,"TTC PRÉ"),2) -> 2.09 | K123: =ROUND(SUMIFS(repasse_ac!$P:$P,repasse_ac!$A:$A,$A123,repasse_ac!$F:$F,$D123,repasse_ac!$I:$I,"TTC PÓS"),2) -> 2.09 | L123: =K123-J123 -> 0 | M123: =(ROUNDDOWN(ROUND(K123*(1+0.2),2)*100/10,0)*10+IF(MOD(ROUND(K123*(1+0.2),2)*100,10)>4,9,-1))/100 -> 2.49 | N123: =ROUND(SUMIFS(repasse_ac!$J:$J,repasse_ac!$A:$A,$A123,repasse_ac!$F:$F,$D123,repasse_ac!$I:$I,"TTC PRÉ"),2) -> 2.49 | O123: =ROUND(SUMIFS(repasse_ac!$J:$J,repasse_ac!$A:$A,$A123,repasse_ac!$F:$F,$D123,repasse_ac!$I:$I,"TTC PÓS"),2) -> 2.49 | P123: =O123-N123 -> 0 | Q123: =ROUND(SUMIFS(repasse_ac!$N:$N,repasse_ac!$A:$A,$A123,repasse_ac!$F:$F,$D123,repasse_ac!$I:$I,"TTC PRÉ"),2) -> 2.29 | R123: =ROUND(SUMIFS(repasse_ac!$N:$N,repasse_ac!$A:$A,$A123,repasse_ac!$F:$F,$D123,repasse_ac!$I:$I,"TTC PÓS"),2) -> 2.29 | S123: =R123-Q123 -> 0
A124: DF | B124: GEO CO | C124: LATA 269 | D124: PC LT269 | E124: =_xlfn.XLOOKUP($D124,depara_repasse!E:E,depara_repasse!K:K) -> 15 | F124: =ROUND(SUMIFS(repasse_ac!$R:$R,repasse_ac!$A:$A,$A124,repasse_ac!$F:$F,$D124,repasse_ac!$I:$I,"TTC PRÉ"),2) -> 2.19 | G124: =ROUND(SUMIFS(repasse_ac!$R:$R,repasse_ac!$A:$A,$A124,repasse_ac!$F:$F,$D124,repasse_ac!$I:$I,"TTC PÓS"),2) -> 2.19 | H124: =G124-F124 -> 0 | I124: =(ROUNDDOWN(ROUND(G124*(1+0.2),2)*100/10,0)*10+IF(MOD(ROUND(G124*(1+0.2),2)*100,10)>4,9,-1))/100 -> 2.59 | J124: =ROUND(SUMIFS(repasse_ac!$P:$P,repasse_ac!$A:$A,$A124,repasse_ac!$F:$F,$D124,repasse_ac!$I:$I,"TTC PRÉ"),2) -> 2.09 | K124: =ROUND(SUMIFS(repasse_ac!$P:$P,repasse_ac!$A:$A,$A124,repasse_ac!$F:$F,$D124,repasse_ac!$I:$I,"TTC PÓS"),2) -> 2.15 | L124: =K124-J124 -> 0.06 | M124: =(ROUNDDOWN(ROUND(K124*(1+0.2),2)*100/10,0)*10+IF(MOD(ROUND(K124*(1+0.2),2)*100,10)>4,9,-1))/100 -> 2.59 | N124: =ROUND(SUMIFS(repasse_ac!$J:$J,repasse_ac!$A:$A,$A124,repasse_ac!$F:$F,$D124,repasse_ac!$I:$I,"TTC PRÉ"),2) -> 2.49 | O124: =ROUND(SUMIFS(repasse_ac!$J:$J,repasse_ac!$A:$A,$A124,repasse_ac!$F:$F,$D124,repasse_ac!$I:$I,"TTC PÓS"),2) -> 2.59 | P124: =O124-N124 -> 0.1 | Q124: =ROUND(SUMIFS(repasse_ac!$N:$N,repasse_ac!$A:$A,$A124,repasse_ac!$F:$F,$D124,repasse_ac!$I:$I,"TTC PRÉ"),2) -> 2.29 | R124: =ROUND(SUMIFS(repasse_ac!$N:$N,repasse_ac!$A:$A,$A124,repasse_ac!$F:$F,$D124,repasse_ac!$I:$I,"TTC PÓS"),2) -> 2.29 | S124: =R124-Q124 -> 0
A125: DF | B125: GEO CO | C125: LATA 269 | D125: TA LT269 | E125: =_xlfn.XLOOKUP($D125,depara_repasse!E:E,depara_repasse!K:K) -> 15 | F125: =ROUND(SUMIFS(repasse_ac!$R:$R,repasse_ac!$A:$A,$A125,repasse_ac!$F:$F,$D125,repasse_ac!$I:$I,"TTC PRÉ"),2) -> 2.25 | G125: =ROUND(SUMIFS(repasse_ac!$R:$R,repasse_ac!$A:$A,$A125,repasse_ac!$F:$F,$D125,repasse_ac!$I:$I,"TTC PÓS"),2) -> 2.25 | H125: =G125-F125 -> 0 | I125: =(ROUNDDOWN(ROUND(G125*(1+0.2),2)*100/10,0)*10+IF(MOD(ROUND(G125*(1+0.2),2)*100,10)>4,9,-1))/100 -> 2.69 | J125: =ROUND(SUMIFS(repasse_ac!$P:$P,repasse_ac!$A:$A,$A125,repasse_ac!$F:$F,$D125,repasse_ac!$I:$I,"TTC PRÉ"),2) -> 2.09 | K125: =ROUND(SUMIFS(repasse_ac!$P:$P,repasse_ac!$A:$A,$A125,repasse_ac!$F:$F,$D125,repasse_ac!$I:$I,"TTC PÓS"),2) -> 2.17 | L125: =K125-J125 -> 0.08 | M125: =(ROUNDDOWN(ROUND(K125*(1+0.2),2)*100/10,0)*10+IF(MOD(ROUND(K125*(1+0.2),2)*100,10)>4,9,-1))/100 -> 2.59 | N125: =ROUND(SUMIFS(repasse_ac!$J:$J,repasse_ac!$A:$A,$A125,repasse_ac!$F:$F,$D125,repasse_ac!$I:$I,"TTC PRÉ"),2) -> 2.49 | O125: =ROUND(SUMIFS(repasse_ac!$J:$J,repasse_ac!$A:$A,$A125,repasse_ac!$F:$F,$D125,repasse_ac!$I:$I,"TTC PÓS"),2) -> 2.59 | P125: =O125-N125 -> 0.1 | Q125: =ROUND(SUMIFS(repasse_ac!$N:$N,repasse_ac!$A:$A,$A125,repasse_ac!$F:$F,$D125,repasse_ac!$I:$I,"TTC PRÉ"),2) -> 2.49 | R125: =ROUND(SUMIFS(repasse_ac!$N:$N,repasse_ac!$A:$A,$A125,repasse_ac!$F:$F,$D125,repasse_ac!$I:$I,"TTC PÓS"),2) -> 2.49 | S125: =R125-Q125 -> 0
A126: DF | B126: GEO CO | C126: LATA 310 | D126: GCA LT310 | E126: 12 | F126: =ROUND(SUMIFS(repasse_ac!$R:$R,repasse_ac!$A:$A,$A126,repasse_ac!$F:$F,$D126,repasse_ac!$I:$I,"TTC PRÉ"),2) -> 2.09 | G126: =ROUND(SUMIFS(repasse_ac!$R:$R,repasse_ac!$A:$A,$A126,repasse_ac!$F:$F,$D126,repasse_ac!$I:$I,"TTC PÓS"),2) -> 2.09 | H126: =G126-F126 -> 0 | I126: =(ROUNDDOWN(ROUND(G126*(1+0.2),2)*100/10,0)*10+IF(MOD(ROUND(G126*(1+0.2),2)*100,10)>4,9,-1))/100 -> 2.49 | J126: =ROUND(SUMIFS(repasse_ac!$P:$P,repasse_ac!$A:$A,$A126,repasse_ac!$F:$F,$D126,repasse_ac!$I:$I,"TTC PRÉ"),2) -> 1.92 | K126: =ROUND(SUMIFS(repasse_ac!$P:$P,repasse_ac!$A:$A,$A126,repasse_ac!$F:$F,$D126,repasse_ac!$I:$I,"TTC PÓS"),2) -> 1.92 | L126: =K126-J126 -> 0 | M126: =(ROUNDDOWN(ROUND(K126*(1+0.2),2)*100/10,0)*10+IF(MOD(ROUND(K126*(1+0.2),2)*100,10)>4,9,-1))/100 -> 2.39 | N126: =ROUND(SUMIFS(repasse_ac!$J:$J,repasse_ac!$A:$A,$A126,repasse_ac!$F:$F,$D126,repasse_ac!$I:$I,"TTC PRÉ"),2) -> 2.29 | O126: =ROUND(SUMIFS(repasse_ac!$J:$J,repasse_ac!$A:$A,$A126,repasse_ac!$F:$F,$D126,repasse_ac!$I:$I,"TTC PÓS"),2) -> 2.29 | P126: =O126-N126 -> 0 | Q126: =ROUND(SUMIFS(repasse_ac!$N:$N,repasse_ac!$A:$A,$A126,repasse_ac!$F:$F,$D126,repasse_ac!$I:$I,"TTC PRÉ"),2) -> 2.19 | R126: =ROUND(SUMIFS(repasse_ac!$N:$N,repasse_ac!$A:$A,$A126,repasse_ac!$F:$F,$D126,repasse_ac!$I:$I,"TTC PÓS"),2) -> 2.19 | S126: =R126-Q126 -> 0
A127: DF | B127: GEO CO | C127: LATA 310 | D127: PC LT310 | E127: =_xlfn.XLOOKUP($D127,depara_repasse!E:E,depara_repasse!K:K) -> 15 | F127: =ROUND(SUMIFS(repasse_ac!$R:$R,repasse_ac!$A:$A,$A127,repasse_ac!$F:$F,$D127,repasse_ac!$I:$I,"TTC PRÉ"),2) -> 2.09 | G127: =ROUND(SUMIFS(repasse_ac!$R:$R,repasse_ac!$A:$A,$A127,repasse_ac!$F:$F,$D127,repasse_ac!$I:$I,"TTC PÓS"),2) -> 2.09 | H127: =G127-F127 -> 0 | I127: =(ROUNDDOWN(ROUND(G127*(1+0.2),2)*100/10,0)*10+IF(MOD(ROUND(G127*(1+0.2),2)*100,10)>4,9,-1))/100 -> 2.49 | J127: =ROUND(SUMIFS(repasse_ac!$P:$P,repasse_ac!$A:$A,$A127,repasse_ac!$F:$F,$D127,repasse_ac!$I:$I,"TTC PRÉ"),2) -> 1.92 | K127: =ROUND(SUMIFS(repasse_ac!$P:$P,repasse_ac!$A:$A,$A127,repasse_ac!$F:$F,$D127,repasse_ac!$I:$I,"TTC PÓS"),2) -> 1.92 | L127: =K127-J127 -> 0 | M127: =(ROUNDDOWN(ROUND(K127*(1+0.2),2)*100/10,0)*10+IF(MOD(ROUND(K127*(1+0.2),2)*100,10)>4,9,-1))/100 -> 2.39 | N127: =ROUND(SUMIFS(repasse_ac!$J:$J,repasse_ac!$A:$A,$A127,repasse_ac!$F:$F,$D127,repasse_ac!$I:$I,"TTC PRÉ"),2) -> 2.29 | O127: =ROUND(SUMIFS(repasse_ac!$J:$J,repasse_ac!$A:$A,$A127,repasse_ac!$F:$F,$D127,repasse_ac!$I:$I,"TTC PÓS"),2) -> 2.29 | P127: =O127-N127 -> 0 | Q127: =ROUND(SUMIFS(repasse_ac!$N:$N,repasse_ac!$A:$A,$A127,repasse_ac!$F:$F,$D127,repasse_ac!$I:$I,"TTC PRÉ"),2) -> 2.19 | R127: =ROUND(SUMIFS(repasse_ac!$N:$N,repasse_ac!$A:$A,$A127,repasse_ac!$F:$F,$D127,repasse_ac!$I:$I,"TTC PÓS"),2) -> 2.19 | S127: =R127-Q127 -> 0
A128: DF | B128: GEO CO | C128: LATA 350 | D128: GCA LT350 | E128: =_xlfn.XLOOKUP($D128,depara_repasse!E:E,depara_repasse!K:K) -> 12 | F128: =ROUND(SUMIFS(repasse_ac!$R:$R,repasse_ac!$A:$A,$A128,repasse_ac!$F:$F,$D128,repasse_ac!$I:$I,"TTC PRÉ"),2) -> 3.04 | G128: =ROUND(SUMIFS(repasse_ac!$R:$R,repasse_ac!$A:$A,$A128,repasse_ac!$F:$F,$D128,repasse_ac!$I:$I,"TTC PÓS"),2) -> 3.04 | H128: =G128-F128 -> 0 | I128: =(ROUNDDOWN(ROUND(G128*(1+0.2),2)*100/10,0)*10+IF(MOD(ROUND(G128*(1+0.2),2)*100,10)>4,9,-1))/100 -> 3.69 | J128: =ROUND(SUMIFS(repasse_ac!$P:$P,repasse_ac!$A:$A,$A128,repasse_ac!$F:$F,$D128,repasse_ac!$I:$I,"TTC PRÉ"),2) -> 2.84 | K128: =ROUND(SUMIFS(repasse_ac!$P:$P,repasse_ac!$A:$A,$A128,repasse_ac!$F:$F,$D128,repasse_ac!$I:$I,"TTC PÓS"),2) -> 2.84 | L128: =K128-J128 -> 0 | M128: =(ROUNDDOWN(ROUND(K128*(1+0.2),2)*100/10,0)*10+IF(MOD(ROUND(K128*(1+0.2),2)*100,10)>4,9,-1))/100 -> 3.39 | N128: =ROUND(SUMIFS(repasse_ac!$J:$J,repasse_ac!$A:$A,$A128,repasse_ac!$F:$F,$D128,repasse_ac!$I:$I,"TTC PRÉ"),2) -> 3.49 | O128: =ROUND(SUMIFS(repasse_ac!$J:$J,repasse_ac!$A:$A,$A128,repasse_ac!$F:$F,$D128,repasse_ac!$I:$I,"TTC PÓS"),2) -> 3.49 | P128: =O128-N128 -> 0 | Q128: =ROUND(SUMIFS(repasse_ac!$N:$N,repasse_ac!$A:$A,$A128,repasse_ac!$F:$F,$D128,repasse_ac!$I:$I,"TTC PRÉ"),2) -> 3.39 | R128: =ROUND(SUMIFS(repasse_ac!$N:$N,repasse_ac!$A:$A,$A128,repasse_ac!$F:$F,$D128,repasse_ac!$I:$I,"TTC PÓS"),2) -> 3.39 | S128: =R128-Q128 -> 0
A129: DF | B129: GEO CO | C129: LATA 350 | D129: GCAD LT350 | E129: =_xlfn.XLOOKUP($D129,depara_repasse!E:E,depara_repasse!K:K) -> 12 | F129: =ROUND(SUMIFS(repasse_ac!$R:$R,repasse_ac!$A:$A,$A129,repasse_ac!$F:$F,$D129,repasse_ac!$I:$I,"TTC PRÉ"),2) -> 3.04 | G129: =ROUND(SUMIFS(repasse_ac!$R:$R,repasse_ac!$A:$A,$A129,repasse_ac!$F:$F,$D129,repasse_ac!$I:$I,"TTC PÓS"),2) -> 3.04 | H129: =G129-F129 -> 0 | I129: =(ROUNDDOWN(ROUND(G129*(1+0.2),2)*100/10,0)*10+IF(MOD(ROUND(G129*(1+0.2),2)*100,10)>4,9,-1))/100 -> 3.69 | J129: =ROUND(SUMIFS(repasse_ac!$P:$P,repasse_ac!$A:$A,$A129,repasse_ac!$F:$F,$D129,repasse_ac!$I:$I,"TTC PRÉ"),2) -> 2.84 | K129: =ROUND(SUMIFS(repasse_ac!$P:$P,repasse_ac!$A:$A,$A129,repasse_ac!$F:$F,$D129,repasse_ac!$I:$I,"TTC PÓS"),2) -> 2.84 | L129: =K129-J129 -> 0 | M129: =(ROUNDDOWN(ROUND(K129*(1+0.2),2)*100/10,0)*10+IF(MOD(ROUND(K129*(1+0.2),2)*100,10)>4,9,-1))/100 -> 3.39 | N129: =ROUND(SUMIFS(repasse_ac!$J:$J,repasse_ac!$A:$A,$A129,repasse_ac!$F:$F,$D129,repasse_ac!$I:$I,"TTC PRÉ"),2) -> 3.49 | O129: =ROUND(SUMIFS(repasse_ac!$J:$J,repasse_ac!$A:$A,$A129,repasse_ac!$F:$F,$D129,repasse_ac!$I:$I,"TTC PÓS"),2) -> 3.49 | P129: =O129-N129 -> 0 | Q129: =ROUND(SUMIFS(repasse_ac!$N:$N,repasse_ac!$A:$A,$A129,repasse_ac!$F:$F,$D129,repasse_ac!$I:$I,"TTC PRÉ"),2) -> 3.39 | R129: =ROUND(SUMIFS(repasse_ac!$N:$N,repasse_ac!$A:$A,$A129,repasse_ac!$F:$F,$D129,repasse_ac!$I:$I,"TTC PÓS"),2) -> 3.39 | S129: =R129-Q129 -> 0
A130: DF | B130: GEO CO | C130: LATA 350 | D130: PC LT350 | E130: =_xlfn.XLOOKUP($D130,depara_repasse!E:E,depara_repasse!K:K) -> 12 | F130: =ROUND(SUMIFS(repasse_ac!$R:$R,repasse_ac!$A:$A,$A130,repasse_ac!$F:$F,$D130,repasse_ac!$I:$I,"TTC PRÉ"),2) -> 2.88 | G130: =ROUND(SUMIFS(repasse_ac!$R:$R,repasse_ac!$A:$A,$A130,repasse_ac!$F:$F,$D130,repasse_ac!$I:$I,"TTC PÓS"),2) -> 2.97 | H130: =G130-F130 -> 0.09 | I130: =(ROUNDDOWN(ROUND(G130*(1+0.2),2)*100/10,0)*10+IF(MOD(ROUND(G130*(1+0.2),2)*100,10)>4,9,-1))/100 -> 3.59 | J130: =ROUND(SUMIFS(repasse_ac!$P:$P,repasse_ac!$A:$A,$A130,repasse_ac!$F:$F,$D130,repasse_ac!$I:$I,"TTC PRÉ"),2) -> 2.76 | K130: =ROUND(SUMIFS(repasse_ac!$P:$P,repasse_ac!$A:$A,$A130,repasse_ac!$F:$F,$D130,repasse_ac!$I:$I,"TTC PÓS"),2) -> 2.84 | L130: =K130-J130 -> 0.08 | M130: =(ROUNDDOWN(ROUND(K130*(1+0.2),2)*100/10,0)*10+IF(MOD(ROUND(K130*(1+0.2),2)*100,10)>4,9,-1))/100 -> 3.39 | N130: =ROUND(SUMIFS(repasse_ac!$J:$J,repasse_ac!$A:$A,$A130,repasse_ac!$F:$F,$D130,repasse_ac!$I:$I,"TTC PRÉ"),2) -> 3.29 | O130: =ROUND(SUMIFS(repasse_ac!$J:$J,repasse_ac!$A:$A,$A130,repasse_ac!$F:$F,$D130,repasse_ac!$I:$I,"TTC PÓS"),2) -> 3.39 | P130: =O130-N130 -> 0.1 | Q130: =ROUND(SUMIFS(repasse_ac!$N:$N,repasse_ac!$A:$A,$A130,repasse_ac!$F:$F,$D130,repasse_ac!$I:$I,"TTC PRÉ"),2) -> 3.19 | R130: =ROUND(SUMIFS(repasse_ac!$N:$N,repasse_ac!$A:$A,$A130,repasse_ac!$F:$F,$D130,repasse_ac!$I:$I,"TTC PÓS"),2) -> 3.29 | S130: =R130-Q130 -> 0.1
A131: DF | B131: GEO CO | C131: LATA 350 | D131: SLA LT350 | E131: =_xlfn.XLOOKUP($D131,depara_repasse!E:E,depara_repasse!K:K) -> 12 | F131: =ROUND(SUMIFS(repasse_ac!$R:$R,repasse_ac!$A:$A,$A131,repasse_ac!$F:$F,$D131,repasse_ac!$I:$I,"TTC PRÉ"),2) -> 2.88 | G131: =ROUND(SUMIFS(repasse_ac!$R:$R,repasse_ac!$A:$A,$A131,repasse_ac!$F:$F,$D131,repasse_ac!$I:$I,"TTC PÓS"),2) -> 2.97 | H131: =G131-F131 -> 0.09 | I131: =(ROUNDDOWN(ROUND(G131*(1+0.2),2)*100/10,0)*10+IF(MOD(ROUND(G131*(1+0.2),2)*100,10)>4,9,-1))/100 -> 3.59 | J131: =ROUND(SUMIFS(repasse_ac!$P:$P,repasse_ac!$A:$A,$A131,repasse_ac!$F:$F,$D131,repasse_ac!$I:$I,"TTC PRÉ"),2) -> 2.76 | K131: =ROUND(SUMIFS(repasse_ac!$P:$P,repasse_ac!$A:$A,$A131,repasse_ac!$F:$F,$D131,repasse_ac!$I:$I,"TTC PÓS"),2) -> 2.84 | L131: =K131-J131 -> 0.08 | M131: =(ROUNDDOWN(ROUND(K131*(1+0.2),2)*100/10,0)*10+IF(MOD(ROUND(K131*(1+0.2),2)*100,10)>4,9,-1))/100 -> 3.39 | N131: =ROUND(SUMIFS(repasse_ac!$J:$J,repasse_ac!$A:$A,$A131,repasse_ac!$F:$F,$D131,repasse_ac!$I:$I,"TTC PRÉ"),2) -> 3.29 | O131: =ROUND(SUMIFS(repasse_ac!$J:$J,repasse_ac!$A:$A,$A131,repasse_ac!$F:$F,$D131,repasse_ac!$I:$I,"TTC PÓS"),2) -> 3.39 | P131: =O131-N131 -> 0.1 | Q131: =ROUND(SUMIFS(repasse_ac!$N:$N,repasse_ac!$A:$A,$A131,repasse_ac!$F:$F,$D131,repasse_ac!$I:$I,"TTC PRÉ"),2) -> 3.19 | R131: =ROUND(SUMIFS(repasse_ac!$N:$N,repasse_ac!$A:$A,$A131,repasse_ac!$F:$F,$D131,repasse_ac!$I:$I,"TTC PÓS"),2) -> 3.29 | S131: =R131-Q131 -> 0.1
A132: DF | B132: GEO CO | C132: LATA 350 | D132: SAB LT350 | E132: =_xlfn.XLOOKUP($D132,depara_repasse!E:E,depara_repasse!K:K) -> 12 | F132: =ROUND(SUMIFS(repasse_ac!$R:$R,repasse_ac!$A:$A,$A132,repasse_ac!$F:$F,$D132,repasse_ac!$I:$I,"TTC PRÉ"),2) -> 2.88 | G132: =ROUND(SUMIFS(repasse_ac!$R:$R,repasse_ac!$A:$A,$A132,repasse_ac!$F:$F,$D132,repasse_ac!$I:$I,"TTC PÓS"),2) -> 2.97 | H132: =G132-F132 -> 0.09 | I132: =(ROUNDDOWN(ROUND(G132*(1+0.2),2)*100/10,0)*10+IF(MOD(ROUND(G132*(1+0.2),2)*100,10)>4,9,-1))/100 -> 3.59 | J132: =ROUND(SUMIFS(repasse_ac!$P:$P,repasse_ac!$A:$A,$A132,repasse_ac!$F:$F,$D132,repasse_ac!$I:$I,"TTC PRÉ"),2) -> 2.76 | K132: =ROUND(SUMIFS(repasse_ac!$P:$P,repasse_ac!$A:$A,$A132,repasse_ac!$F:$F,$D132,repasse_ac!$I:$I,"TTC PÓS"),2) -> 2.84 | L132: =K132-J132 -> 0.08 | M132: =(ROUNDDOWN(ROUND(K132*(1+0.2),2)*100/10,0)*10+IF(MOD(ROUND(K132*(1+0.2),2)*100,10)>4,9,-1))/100 -> 3.39 | N132: =ROUND(SUMIFS(repasse_ac!$J:$J,repasse_ac!$A:$A,$A132,repasse_ac!$F:$F,$D132,repasse_ac!$I:$I,"TTC PRÉ"),2) -> 3.29 | O132: =ROUND(SUMIFS(repasse_ac!$J:$J,repasse_ac!$A:$A,$A132,repasse_ac!$F:$F,$D132,repasse_ac!$I:$I,"TTC PÓS"),2) -> 3.39 | P132: =O132-N132 -> 0.1 | Q132: =ROUND(SUMIFS(repasse_ac!$N:$N,repasse_ac!$A:$A,$A132,repasse_ac!$F:$F,$D132,repasse_ac!$I:$I,"TTC PRÉ"),2) -> 3.19 | R132: =ROUND(SUMIFS(repasse_ac!$N:$N,repasse_ac!$A:$A,$A132,repasse_ac!$F:$F,$D132,repasse_ac!$I:$I,"TTC PÓS"),2) -> 3.29 | S132: =R132-Q132 -> 0.1
A133: DF | B133: GEO CO | C133: LATA 350 | D133: TA LT350 | E133: =_xlfn.XLOOKUP($D133,depara_repasse!E:E,depara_repasse!K:K) -> 12 | F133: =ROUND(SUMIFS(repasse_ac!$R:$R,repasse_ac!$A:$A,$A133,repasse_ac!$F:$F,$D133,repasse_ac!$I:$I,"TTC PRÉ"),2) -> 3.33 | G133: =ROUND(SUMIFS(repasse_ac!$R:$R,repasse_ac!$A:$A,$A133,repasse_ac!$F:$F,$D133,repasse_ac!$I:$I,"TTC PÓS"),2) -> 3.33 | H133: =G133-F133 -> 0 | I133: =(ROUNDDOWN(ROUND(G133*(1+0.2),2)*100/10,0)*10+IF(MOD(ROUND(G133*(1+0.2),2)*100,10)>4,9,-1))/100 -> 3.99 | J133: =ROUND(SUMIFS(repasse_ac!$P:$P,repasse_ac!$A:$A,$A133,repasse_ac!$F:$F,$D133,repasse_ac!$I:$I,"TTC PRÉ"),2) -> 2.92 | K133: =ROUND(SUMIFS(repasse_ac!$P:$P,repasse_ac!$A:$A,$A133,repasse_ac!$F:$F,$D133,repasse_ac!$I:$I,"TTC PÓS"),2) -> 2.92 | L133: =K133-J133 -> 0 | M133: =(ROUNDDOWN(ROUND(K133*(1+0.2),2)*100/10,0)*10+IF(MOD(ROUND(K133*(1+0.2),2)*100,10)>4,9,-1))/100 -> 3.49 | N133: =ROUND(SUMIFS(repasse_ac!$J:$J,repasse_ac!$A:$A,$A133,repasse_ac!$F:$F,$D133,repasse_ac!$I:$I,"TTC PRÉ"),2) -> 3.49 | O133: =ROUND(SUMIFS(repasse_ac!$J:$J,repasse_ac!$A:$A,$A133,repasse_ac!$F:$F,$D133,repasse_ac!$I:$I,"TTC PÓS"),2) -> 3.49 | P133: =O133-N133 -> 0 | Q133: =ROUND(SUMIFS(repasse_ac!$N:$N,repasse_ac!$A:$A,$A133,repasse_ac!$F:$F,$D133,repasse_ac!$I:$I,"TTC PRÉ"),2) -> 3.49 | R133: =ROUND(SUMIFS(repasse_ac!$N:$N,repasse_ac!$A:$A,$A133,repasse_ac!$F:$F,$D133,repasse_ac!$I:$I,"TTC PÓS"),2) -> 3.49 | S133: =R133-Q133 -> 0
A134: DF | B134: GEO CO | C134: LATA 350 | D134: PACK 18 | E134: =_xlfn.XLOOKUP($D134,depara_repasse!E:E,depara_repasse!K:K) -> 18 | F134: =ROUND(SUMIFS(repasse_ac!$R:$R,repasse_ac!$A:$A,$A134,repasse_ac!$F:$F,$D134,repasse_ac!$I:$I,"TTC PRÉ"),2) -> 0 | G134: =ROUND(SUMIFS(repasse_ac!$R:$R,repasse_ac!$A:$A,$A134,repasse_ac!$F:$F,$D134,repasse_ac!$I:$I,"TTC PÓS"),2) -> 0 | H134: =G134-F134 -> 0 | I134: =(ROUNDDOWN(ROUND(G134*(1+0.2),2)*100/10,0)*10+IF(MOD(ROUND(G134*(1+0.2),2)*100,10)>4,9,-1))/100 -> -0.01 | J134: =ROUND(SUMIFS(repasse_ac!$P:$P,repasse_ac!$A:$A,$A134,repasse_ac!$F:$F,$D134,repasse_ac!$I:$I,"TTC PRÉ"),2) -> 0 | K134: =ROUND(SUMIFS(repasse_ac!$P:$P,repasse_ac!$A:$A,$A134,repasse_ac!$F:$F,$D134,repasse_ac!$I:$I,"TTC PÓS"),2) -> 0 | L134: =K134-J134 -> 0 | M134: =(ROUNDDOWN(ROUND(K134*(1+0.2),2)*100/10,0)*10+IF(MOD(ROUND(K134*(1+0.2),2)*100,10)>4,9,-1))/100 -> -0.01 | N134: =ROUND(SUMIFS(repasse_ac!$J:$J,repasse_ac!$A:$A,$A134,repasse_ac!$F:$F,$D134,repasse_ac!$I:$I,"TTC PRÉ"),2) -> 0 | O134: =ROUND(SUMIFS(repasse_ac!$J:$J,repasse_ac!$A:$A,$A134,repasse_ac!$F:$F,$D134,repasse_ac!$I:$I,"TTC PÓS"),2) -> 0 | P134: =O134-N134 -> 0 | Q134: =ROUND(SUMIFS(repasse_ac!$N:$N,repasse_ac!$A:$A,$A134,repasse_ac!$F:$F,$D134,repasse_ac!$I:$I,"TTC PRÉ"),2) -> 0 | R134: =ROUND(SUMIFS(repasse_ac!$N:$N,repasse_ac!$A:$A,$A134,repasse_ac!$F:$F,$D134,repasse_ac!$I:$I,"TTC PÓS"),2) -> 0 | S134: =R134-Q134 -> 0
A135: DF | B135: GEO CO | C135: PET 500 | D135: H2OH P500 | E135: =_xlfn.XLOOKUP($D135,depara_repasse!E:E,depara_repasse!K:K) -> 12 | F135: =ROUND(SUMIFS(repasse_ac!$R:$R,repasse_ac!$A:$A,$A135,repasse_ac!$F:$F,$D135,repasse_ac!$I:$I,"TTC PRÉ"),2) -> 4.49 | G135: =ROUND(SUMIFS(repasse_ac!$R:$R,repasse_ac!$A:$A,$A135,repasse_ac!$F:$F,$D135,repasse_ac!$I:$I,"TTC PÓS"),2) -> 4.76 | H135: =G135-F135 -> 0.27 | I135: =(ROUNDDOWN(ROUND(G135*(1+0.2),2)*100/10,0)*10+IF(MOD(ROUND(G135*(1+0.2),2)*100,10)>4,9,-1))/100 -> 5.69 | J135: =ROUND(SUMIFS(repasse_ac!$P:$P,repasse_ac!$A:$A,$A135,repasse_ac!$F:$F,$D135,repasse_ac!$I:$I,"TTC PRÉ"),2) -> 4.41 | K135: =ROUND(SUMIFS(repasse_ac!$P:$P,repasse_ac!$A:$A,$A135,repasse_ac!$F:$F,$D135,repasse_ac!$I:$I,"TTC PÓS"),2) -> 4.58 | L135: =K135-J135 -> 0.17 | M135: =(ROUNDDOWN(ROUND(K135*(1+0.2),2)*100/10,0)*10+IF(MOD(ROUND(K135*(1+0.2),2)*100,10)>4,9,-1))/100 -> 5.49 | N135: =ROUND(SUMIFS(repasse_ac!$J:$J,repasse_ac!$A:$A,$A135,repasse_ac!$F:$F,$D135,repasse_ac!$I:$I,"TTC PRÉ"),2) -> 5.29 | O135: =ROUND(SUMIFS(repasse_ac!$J:$J,repasse_ac!$A:$A,$A135,repasse_ac!$F:$F,$D135,repasse_ac!$I:$I,"TTC PÓS"),2) -> 5.49 | P135: =O135-N135 -> 0.2 | Q135: =ROUND(SUMIFS(repasse_ac!$N:$N,repasse_ac!$A:$A,$A135,repasse_ac!$F:$F,$D135,repasse_ac!$I:$I,"TTC PRÉ"),2) -> 4.99 | R135: =ROUND(SUMIFS(repasse_ac!$N:$N,repasse_ac!$A:$A,$A135,repasse_ac!$F:$F,$D135,repasse_ac!$I:$I,"TTC PÓS"),2) -> 5.29 | S135: =R135-Q135 -> 0.3
A136: DF | B136: GEO CO | C136: PET 600 | D136: GCA P600 | E136: =_xlfn.XLOOKUP($D136,depara_repasse!E:E,depara_repasse!K:K) -> 12 | F136: =ROUND(SUMIFS(repasse_ac!$R:$R,repasse_ac!$A:$A,$A136,repasse_ac!$F:$F,$D136,repasse_ac!$I:$I,"TTC PRÉ"),2) -> 3.88 | G136: =ROUND(SUMIFS(repasse_ac!$R:$R,repasse_ac!$A:$A,$A136,repasse_ac!$F:$F,$D136,repasse_ac!$I:$I,"TTC PÓS"),2) -> 3.88 | H136: =G136-F136 -> 0 | I136: =(ROUNDDOWN(ROUND(G136*(1+0.2),2)*100/10,0)*10+IF(MOD(ROUND(G136*(1+0.2),2)*100,10)>4,9,-1))/100 -> 4.69 | J136: =ROUND(SUMIFS(repasse_ac!$P:$P,repasse_ac!$A:$A,$A136,repasse_ac!$F:$F,$D136,repasse_ac!$I:$I,"TTC PRÉ"),2) -> 4.01 | K136: =ROUND(SUMIFS(repasse_ac!$P:$P,repasse_ac!$A:$A,$A136,repasse_ac!$F:$F,$D136,repasse_ac!$I:$I,"TTC PÓS"),2) -> 4.18 | L136: =K136-J136 -> 0.17 | M136: =(ROUNDDOWN(ROUND(K136*(1+0.2),2)*100/10,0)*10+IF(MOD(ROUND(K136*(1+0.2),2)*100,10)>4,9,-1))/100 -> 4.99 | N136: =ROUND(SUMIFS(repasse_ac!$J:$J,repasse_ac!$A:$A,$A136,repasse_ac!$F:$F,$D136,repasse_ac!$I:$I,"TTC PRÉ"),2) -> 4.79 | O136: =ROUND(SUMIFS(repasse_ac!$J:$J,repasse_ac!$A:$A,$A136,repasse_ac!$F:$F,$D136,repasse_ac!$I:$I,"TTC PÓS"),2) -> 4.99 | P136: =O136-N136 -> 0.2 | Q136: =ROUND(SUMIFS(repasse_ac!$N:$N,repasse_ac!$A:$A,$A136,repasse_ac!$F:$F,$D136,repasse_ac!$I:$I,"TTC PRÉ"),2) -> 4.29 | R136: =ROUND(SUMIFS(repasse_ac!$N:$N,repasse_ac!$A:$A,$A136,repasse_ac!$F:$F,$D136,repasse_ac!$I:$I,"TTC PÓS"),2) -> 4.29 | S136: =R136-Q136 -> 0
A137: DF | B137: GEO CO | C137: PET 600 | D137: GCAD P600 | E137: =_xlfn.XLOOKUP($D137,depara_repasse!E:E,depara_repasse!K:K) -> 12 | F137: =ROUND(SUMIFS(repasse_ac!$R:$R,repasse_ac!$A:$A,$A137,repasse_ac!$F:$F,$D137,repasse_ac!$I:$I,"TTC PRÉ"),2) -> 3.88 | G137: =ROUND(SUMIFS(repasse_ac!$R:$R,repasse_ac!$A:$A,$A137,repasse_ac!$F:$F,$D137,repasse_ac!$I:$I,"TTC PÓS"),2) -> 3.88 | H137: =G137-F137 -> 0 | I137: =(ROUNDDOWN(ROUND(G137*(1+0.2),2)*100/10,0)*10+IF(MOD(ROUND(G137*(1+0.2),2)*100,10)>4,9,-1))/100 -> 4.69 | J137: =ROUND(SUMIFS(repasse_ac!$P:$P,repasse_ac!$A:$A,$A137,repasse_ac!$F:$F,$D137,repasse_ac!$I:$I,"TTC PRÉ"),2) -> 4.01 | K137: =ROUND(SUMIFS(repasse_ac!$P:$P,repasse_ac!$A:$A,$A137,repasse_ac!$F:$F,$D137,repasse_ac!$I:$I,"TTC PÓS"),2) -> 4.18 | L137: =K137-J137 -> 0.17 | M137: =(ROUNDDOWN(ROUND(K137*(1+0.2),2)*100/10,0)*10+IF(MOD(ROUND(K137*(1+0.2),2)*100,10)>4,9,-1))/100 -> 4.99 | N137: =ROUND(SUMIFS(repasse_ac!$J:$J,repasse_ac!$A:$A,$A137,repasse_ac!$F:$F,$D137,repasse_ac!$I:$I,"TTC PRÉ"),2) -> 4.79 | O137: =ROUND(SUMIFS(repasse_ac!$J:$J,repasse_ac!$A:$A,$A137,repasse_ac!$F:$F,$D137,repasse_ac!$I:$I,"TTC PÓS"),2) -> 4.99 | P137: =O137-N137 -> 0.2 | Q137: =ROUND(SUMIFS(repasse_ac!$N:$N,repasse_ac!$A:$A,$A137,repasse_ac!$F:$F,$D137,repasse_ac!$I:$I,"TTC PRÉ"),2) -> 4.29 | R137: =ROUND(SUMIFS(repasse_ac!$N:$N,repasse_ac!$A:$A,$A137,repasse_ac!$F:$F,$D137,repasse_ac!$I:$I,"TTC PÓS"),2) -> 4.29 | S137: =R137-Q137 -> 0
A138: DF | B138: GEO CO | C138: PET 600 | D138: PC P600 | E138: =_xlfn.XLOOKUP($D138,depara_repasse!E:E,depara_repasse!K:K) -> 12 | F138: =ROUND(SUMIFS(repasse_ac!$R:$R,repasse_ac!$A:$A,$A138,repasse_ac!$F:$F,$D138,repasse_ac!$I:$I,"TTC PRÉ"),2) -> 3.78 | G138: =ROUND(SUMIFS(repasse_ac!$R:$R,repasse_ac!$A:$A,$A138,repasse_ac!$F:$F,$D138,repasse_ac!$I:$I,"TTC PÓS"),2) -> 3.78 | H138: =G138-F138 -> 0 | I138: =(ROUNDDOWN(ROUND(G138*(1+0.2),2)*100/10,0)*10+IF(MOD(ROUND(G138*(1+0.2),2)*100,10)>4,9,-1))/100 -> 4.49 | J138: =ROUND(SUMIFS(repasse_ac!$P:$P,repasse_ac!$A:$A,$A138,repasse_ac!$F:$F,$D138,repasse_ac!$I:$I,"TTC PRÉ"),2) -> 3.76 | K138: =ROUND(SUMIFS(repasse_ac!$P:$P,repasse_ac!$A:$A,$A138,repasse_ac!$F:$F,$D138,repasse_ac!$I:$I,"TTC PÓS"),2) -> 3.76 | L138: =K138-J138 -> 0 | M138: =(ROUNDDOWN(ROUND(K138*(1+0.2),2)*100/10,0)*10+IF(MOD(ROUND(K138*(1+0.2),2)*100,10)>4,9,-1))/100 -> 4.49 | N138: =ROUND(SUMIFS(repasse_ac!$J:$J,repasse_ac!$A:$A,$A138,repasse_ac!$F:$F,$D138,repasse_ac!$I:$I,"TTC PRÉ"),2) -> 4.49 | O138: =ROUND(SUMIFS(repasse_ac!$J:$J,repasse_ac!$A:$A,$A138,repasse_ac!$F:$F,$D138,repasse_ac!$I:$I,"TTC PÓS"),2) -> 4.49 | P138: =O138-N138 -> 0 | Q138: =ROUND(SUMIFS(repasse_ac!$N:$N,repasse_ac!$A:$A,$A138,repasse_ac!$F:$F,$D138,repasse_ac!$I:$I,"TTC PRÉ"),2) -> 4.19 | R138: =ROUND(SUMIFS(repasse_ac!$N:$N,repasse_ac!$A:$A,$A138,repasse_ac!$F:$F,$D138,repasse_ac!$I:$I,"TTC PÓS"),2) -> 4.19 | S138: =R138-Q138 -> 0
... A167: DF | B167: GEO CO | C167: PET 1L | D167: FUSION P1 | E167: =_xlfn.XLOOKUP($D167,depara_repasse!E:E,depara_repasse!K:K) -> 6 | F167: =ROUND(SUMIFS(repasse_ac!$R:$R,repasse_ac!$A:$A,$A167,repasse_ac!$F:$F,$D167,repasse_ac!$I:$I,"TTC PRÉ"),2) -> 6.75 | G167: =ROUND(SUMIFS(repasse_ac!$R:$R,repasse_ac!$A:$A,$A167,repasse_ac!$F:$F,$D167,repasse_ac!$I:$I,"TTC PÓS"),2) -> 6.75 | H167: =G167-F167 -> 0 | I167: =(ROUNDDOWN(ROUND(G167*(1+0.2),2)*100/10,0)*10+IF(MOD(ROUND(G167*(1+0.2),2)*100,10)>4,9,-1))/100 -> 8.09 | J167: =ROUND(SUMIFS(repasse_ac!$P:$P,repasse_ac!$A:$A,$A167,repasse_ac!$F:$F,$D167,repasse_ac!$I:$I,"TTC PRÉ"),2) -> 6.08 | K167: =ROUND(SUMIFS(repasse_ac!$P:$P,repasse_ac!$A:$A,$A167,repasse_ac!$F:$F,$D167,repasse_ac!$I:$I,"TTC PÓS"),2) -> 6.08 | L167: =K167-J167 -> 0 | M167: =(ROUNDDOWN(ROUND(K167*(1+0.2),2)*100/10,0)*10+IF(MOD(ROUND(K167*(1+0.2),2)*100,10)>4,9,-1))/100 -> 7.29 | N167: =ROUND(SUMIFS(repasse_ac!$J:$J,repasse_ac!$A:$A,$A167,repasse_ac!$F:$F,$D167,repasse_ac!$I:$I,"TTC PRÉ"),2) -> 8.49 | O167: =ROUND(SUMIFS(repasse_ac!$J:$J,repasse_ac!$A:$A,$A167,repasse_ac!$F:$F,$D167,repasse_ac!$I:$I,"TTC PÓS"),2) -> 8.49 | P167: =O167-N167 -> 0 | Q167: =ROUND(SUMIFS(repasse_ac!$N:$N,repasse_ac!$A:$A,$A167,repasse_ac!$F:$F,$D167,repasse_ac!$I:$I,"TTC PRÉ"),2) -> 7.49 | R167: =ROUND(SUMIFS(repasse_ac!$N:$N,repasse_ac!$A:$A,$A167,repasse_ac!$F:$F,$D167,repasse_ac!$I:$I,"TTC PÓS"),2) -> 7.49 | S167: =R167-Q167 -> 0
A168: DF | B168: GEO CO | C168: PET 2L | D168: FUSION P2 | E168: =_xlfn.XLOOKUP($D168,depara_repasse!E:E,depara_repasse!K:K) -> 6 | F168: =ROUND(SUMIFS(repasse_ac!$R:$R,repasse_ac!$A:$A,$A168,repasse_ac!$F:$F,$D168,repasse_ac!$I:$I,"TTC PRÉ"),2) -> 9 | G168: =ROUND(SUMIFS(repasse_ac!$R:$R,repasse_ac!$A:$A,$A168,repasse_ac!$F:$F,$D168,repasse_ac!$I:$I,"TTC PÓS"),2) -> 9 | H168: =G168-F168 -> 0 | I168: 10.49 | J168: =ROUND(SUMIFS(repasse_ac!$P:$P,repasse_ac!$A:$A,$A168,repasse_ac!$F:$F,$D168,repasse_ac!$I:$I,"TTC PRÉ"),2) -> 7.5 | K168: =ROUND(SUMIFS(repasse_ac!$P:$P,repasse_ac!$A:$A,$A168,repasse_ac!$F:$F,$D168,repasse_ac!$I:$I,"TTC PÓS"),2) -> 7.5 | L168: =K168-J168 -> 0 | M168: 9.99 | N168: =ROUND(SUMIFS(repasse_ac!$J:$J,repasse_ac!$A:$A,$A168,repasse_ac!$F:$F,$D168,repasse_ac!$I:$I,"TTC PRÉ"),2) -> 10.49 | O168: =ROUND(SUMIFS(repasse_ac!$J:$J,repasse_ac!$A:$A,$A168,repasse_ac!$F:$F,$D168,repasse_ac!$I:$I,"TTC PÓS"),2) -> 10.49 | P168: =O168-N168 -> 0 | Q168: =ROUND(SUMIFS(repasse_ac!$N:$N,repasse_ac!$A:$A,$A168,repasse_ac!$F:$F,$D168,repasse_ac!$I:$I,"TTC PRÉ"),2) -> 9.99 | R168: =ROUND(SUMIFS(repasse_ac!$N:$N,repasse_ac!$A:$A,$A168,repasse_ac!$F:$F,$D168,repasse_ac!$I:$I,"TTC PÓS"),2) -> 9.99 | S168: =R168-Q168 -> 0
A169: DF | B169: GEO CO | C169: LATA 250 | D169: RB 250 | E169: =_xlfn.XLOOKUP($D169,depara_repasse!E:E,depara_repasse!K:K) -> 4 | F169: =ROUND(SUMIFS(repasse_ac!$R:$R,repasse_ac!$A:$A,$A169,repasse_ac!$F:$F,$D169,repasse_ac!$I:$I,"TTC PRÉ"),2) -> 8.05 | G169: =ROUND(SUMIFS(repasse_ac!$R:$R,repasse_ac!$A:$A,$A169,repasse_ac!$F:$F,$D169,repasse_ac!$I:$I,"TTC PÓS"),2) -> 8.05 | H169: =G169-F169 -> 0 | I169: =(ROUNDDOWN(ROUND(G169*(1+0.2),2)*100/10,0)*10+IF(MOD(ROUND(G169*(1+0.2),2)*100,10)>4,9,-1))/100 -> 9.69 | J169: =ROUND(SUMIFS(repasse_ac!$P:$P,repasse_ac!$A:$A,$A169,repasse_ac!$F:$F,$D169,repasse_ac!$I:$I,"TTC PRÉ"),2) -> 7.98 | K169: =ROUND(SUMIFS(repasse_ac!$P:$P,repasse_ac!$A:$A,$A169,repasse_ac!$F:$F,$D169,repasse_ac!$I:$I,"TTC PÓS"),2) -> 7.98 | L169: =K169-J169 -> 0 | M169: =(ROUNDDOWN(ROUND(K169*(1+0.2),2)*100/10,0)*10+IF(MOD(ROUND(K169*(1+0.2),2)*100,10)>4,9,-1))/100 -> 9.59 | N169: =ROUND(SUMIFS(repasse_ac!$J:$J,repasse_ac!$A:$A,$A169,repasse_ac!$F:$F,$D169,repasse_ac!$I:$I,"TTC PRÉ"),2) -> 10.49 | O169: =ROUND(SUMIFS(repasse_ac!$J:$J,repasse_ac!$A:$A,$A169,repasse_ac!$F:$F,$D169,repasse_ac!$I:$I,"TTC PÓS"),2) -> 10.49 | P169: =O169-N169 -> 0 | Q169: =ROUND(SUMIFS(repasse_ac!$N:$N,repasse_ac!$A:$A,$A169,repasse_ac!$F:$F,$D169,repasse_ac!$I:$I,"TTC PRÉ"),2) -> 10.49 | R169: =ROUND(SUMIFS(repasse_ac!$N:$N,repasse_ac!$A:$A,$A169,repasse_ac!$F:$F,$D169,repasse_ac!$I:$I,"TTC PÓS"),2) -> 10.49 | S169: =R169-Q169 -> 0
A170: DF | B170: GEO CO | C170: LATA 355 | D170: RB 355 | E170: =_xlfn.XLOOKUP($D170,depara_repasse!E:E,depara_repasse!K:K) -> 4 | F170: =ROUND(SUMIFS(repasse_ac!$R:$R,repasse_ac!$A:$A,$A170,repasse_ac!$F:$F,$D170,repasse_ac!$I:$I,"TTC PRÉ"),2) -> 10.25 | G170: =ROUND(SUMIFS(repasse_ac!$R:$R,repasse_ac!$A:$A,$A170,repasse_ac!$F:$F,$D170,repasse_ac!$I:$I,"TTC PÓS"),2) -> 10.25 | H170: =G170-F170 -> 0 | I170: =(ROUNDDOWN(ROUND(G170*(1+0.2),2)*100/10,0)*10+IF(MOD(ROUND(G170*(1+0.2),2)*100,10)>4,9,-1))/100 -> 12.29 | J170: =ROUND(SUMIFS(repasse_ac!$P:$P,repasse_ac!$A:$A,$A170,repasse_ac!$F:$F,$D170,repasse_ac!$I:$I,"TTC PRÉ"),2) -> 9.53 | K170: =ROUND(SUMIFS(repasse_ac!$P:$P,repasse_ac!$A:$A,$A170,repasse_ac!$F:$F,$D170,repasse_ac!$I:$I,"TTC PÓS"),2) -> 9.53 | L170: =K170-J170 -> 0 | M170: =(ROUNDDOWN(ROUND(K170*(1+0.2),2)*100/10,0)*10+IF(MOD(ROUND(K170*(1+0.2),2)*100,10)>4,9,-1))/100 -> 11.39 | N170: =ROUND(SUMIFS(repasse_ac!$J:$J,repasse_ac!$A:$A,$A170,repasse_ac!$F:$F,$D170,repasse_ac!$I:$I,"TTC PRÉ"),2) -> 13.99 | O170: =ROUND(SUMIFS(repasse_ac!$J:$J,repasse_ac!$A:$A,$A170,repasse_ac!$F:$F,$D170,repasse_ac!$I:$I,"TTC PÓS"),2) -> 13.99 | P170: =O170-N170 -> 0 | Q170: =ROUND(SUMIFS(repasse_ac!$N:$N,repasse_ac!$A:$A,$A170,repasse_ac!$F:$F,$D170,repasse_ac!$I:$I,"TTC PRÉ"),2) -> 13.99 | R170: =ROUND(SUMIFS(repasse_ac!$N:$N,repasse_ac!$A:$A,$A170,repasse_ac!$F:$F,$D170,repasse_ac!$I:$I,"TTC PÓS"),2) -> 13.99 | S170: =R170-Q170 -> 0
A171: DF | B171: GEO CO | C171: PET 200 | D171: PCB P200 | E171: 12 | F171: =ROUND(SUMIFS(repasse_ac!$R:$R,repasse_ac!$A:$A,$A171,repasse_ac!$F:$F,$D171,repasse_ac!$I:$I,"TTC PRÉ"),2) -> 1.63 | G171: =ROUND(SUMIFS(repasse_ac!$R:$R,repasse_ac!$A:$A,$A171,repasse_ac!$F:$F,$D171,repasse_ac!$I:$I,"TTC PÓS"),2) -> 1.71 | H171: =G171-F171 -> 0.08 | I171: =(ROUNDDOWN(ROUND(G171*(1+0.2),2)*100/10,0)*10+IF(MOD(ROUND(G171*(1+0.2),2)*100,10)>4,9,-1))/100 -> 2.09 | J171: =ROUND(SUMIFS(repasse_ac!$P:$P,repasse_ac!$A:$A,$A171,repasse_ac!$F:$F,$D171,repasse_ac!$I:$I,"TTC PRÉ"),2) -> 1.51 | K171: =ROUND(SUMIFS(repasse_ac!$P:$P,repasse_ac!$A:$A,$A171,repasse_ac!$F:$F,$D171,repasse_ac!$I:$I,"TTC PÓS"),2) -> 1.68 | L171: =K171-J171 -> 0.17 | M171: =(ROUNDDOWN(ROUND(K171*(1+0.2),2)*100/10,0)*10+IF(MOD(ROUND(K171*(1+0.2),2)*100,10)>4,9,-1))/100 -> 1.99 | N171: =ROUND(SUMIFS(repasse_ac!$J:$J,repasse_ac!$A:$A,$A171,repasse_ac!$F:$F,$D171,repasse_ac!$I:$I,"TTC PRÉ"),2) -> 1.79 | O171: =ROUND(SUMIFS(repasse_ac!$J:$J,repasse_ac!$A:$A,$A171,repasse_ac!$F:$F,$D171,repasse_ac!$I:$I,"TTC PÓS"),2) -> 1.99 | P171: =O171-N171 -> 0.2 | Q171: =ROUND(SUMIFS(repasse_ac!$N:$N,repasse_ac!$A:$A,$A171,repasse_ac!$F:$F,$D171,repasse_ac!$I:$I,"TTC PRÉ"),2) -> 1.69 | R171: =ROUND(SUMIFS(repasse_ac!$N:$N,repasse_ac!$A:$A,$A171,repasse_ac!$F:$F,$D171,repasse_ac!$I:$I,"TTC PÓS"),2) -> 1.89 | S171: =R171-Q171 -> 0.2
A172: DF | B172: GEO CO | C172: LATA 350 | D172: PCB LT350 | E172: 12 | F172: =ROUND(SUMIFS(repasse_ac!$R:$R,repasse_ac!$A:$A,$A172,repasse_ac!$F:$F,$D172,repasse_ac!$I:$I,"TTC PRÉ"),2) -> 2.88 | G172: =ROUND(SUMIFS(repasse_ac!$R:$R,repasse_ac!$A:$A,$A172,repasse_ac!$F:$F,$D172,repasse_ac!$I:$I,"TTC PÓS"),2) -> 2.97 | H172: =G172-F172 -> 0.09 | I172: =(ROUNDDOWN(ROUND(G172*(1+0.2),2)*100/10,0)*10+IF(MOD(ROUND(G172*(1+0.2),2)*100,10)>4,9,-1))/100 -> 3.59 | J172: =ROUND(SUMIFS(repasse_ac!$P:$P,repasse_ac!$A:$A,$A172,repasse_ac!$F:$F,$D172,repasse_ac!$I:$I,"TTC PRÉ"),2) -> 2.76 | K172: =ROUND(SUMIFS(repasse_ac!$P:$P,repasse_ac!$A:$A,$A172,repasse_ac!$F:$F,$D172,repasse_ac!$I:$I,"TTC PÓS"),2) -> 2.84 | L172: =K172-J172 -> 0.08 | M172: =(ROUNDDOWN(ROUND(K172*(1+0.2),2)*100/10,0)*10+IF(MOD(ROUND(K172*(1+0.2),2)*100,10)>4,9,-1))/100 -> 3.39 | N172: =ROUND(SUMIFS(repasse_ac!$J:$J,repasse_ac!$A:$A,$A172,repasse_ac!$F:$F,$D172,repasse_ac!$I:$I,"TTC PRÉ"),2) -> 3.29 | O172: =ROUND(SUMIFS(repasse_ac!$J:$J,repasse_ac!$A:$A,$A172,repasse_ac!$F:$F,$D172,repasse_ac!$I:$I,"TTC PÓS"),2) -> 3.39 | P172: =O172-N172 -> 0.1 | Q172: =ROUND(SUMIFS(repasse_ac!$N:$N,repasse_ac!$A:$A,$A172,repasse_ac!$F:$F,$D172,repasse_ac!$I:$I,"TTC PRÉ"),2) -> 3.19 | R172: =ROUND(SUMIFS(repasse_ac!$N:$N,repasse_ac!$A:$A,$A172,repasse_ac!$F:$F,$D172,repasse_ac!$I:$I,"TTC PÓS"),2) -> 3.29 | S172: =R172-Q172 -> 0.1
A173: DF | B173: GEO CO | C173: PET 1L | D173: PCB P1 | E173: 6 | F173: =ROUND(SUMIFS(repasse_ac!$R:$R,repasse_ac!$A:$A,$A173,repasse_ac!$F:$F,$D173,repasse_ac!$I:$I,"TTC PRÉ"),2) -> 4.27 | G173: =ROUND(SUMIFS(repasse_ac!$R:$R,repasse_ac!$A:$A,$A173,repasse_ac!$F:$F,$D173,repasse_ac!$I:$I,"TTC PÓS"),2) -> 4.36 | H173: =G173-F173 -> 0.09 | I173: =(ROUNDDOWN(ROUND(G173*(1+0.2),2)*100/10,0)*10+IF(MOD(ROUND(G173*(1+0.2),2)*100,10)>4,9,-1))/100 -> 5.19 | J173: =ROUND(SUMIFS(repasse_ac!$P:$P,repasse_ac!$A:$A,$A173,repasse_ac!$F:$F,$D173,repasse_ac!$I:$I,"TTC PRÉ"),2) -> 4.17 | K173: =ROUND(SUMIFS(repasse_ac!$P:$P,repasse_ac!$A:$A,$A173,repasse_ac!$F:$F,$D173,repasse_ac!$I:$I,"TTC PÓS"),2) -> 3.17 | L173: =K173-J173 -> -1 | M173: =(ROUNDDOWN(ROUND(K173*(1+0.2),2)*100/10,0)*10+IF(MOD(ROUND(K173*(1+0.2),2)*100,10)>4,9,-1))/100 -> 3.79 | N173: =ROUND(SUMIFS(repasse_ac!$J:$J,repasse_ac!$A:$A,$A173,repasse_ac!$F:$F,$D173,repasse_ac!$I:$I,"TTC PRÉ"),2) -> 4.99 | O173: =ROUND(SUMIFS(repasse_ac!$J:$J,repasse_ac!$A:$A,$A173,repasse_ac!$F:$F,$D173,repasse_ac!$I:$I,"TTC PÓS"),2) -> 4.99 | P173: =O173-N173 -> 0 | Q173: =ROUND(SUMIFS(repasse_ac!$N:$N,repasse_ac!$A:$A,$A173,repasse_ac!$F:$F,$D173,repasse_ac!$I:$I,"TTC PRÉ"),2) -> 4.89 | R173: =ROUND(SUMIFS(repasse_ac!$N:$N,repasse_ac!$A:$A,$A173,repasse_ac!$F:$F,$D173,repasse_ac!$I:$I,"TTC PÓS"),2) -> 4.99 | S173: =R173-Q173 -> 0.1
A174: DF | B174: GEO CO | C174: PET 1,5L | D174: PCB P1,5 | E174: 6 | F174: =ROUND(SUMIFS(repasse_ac!$R:$R,repasse_ac!$A:$A,$A174,repasse_ac!$F:$F,$D174,repasse_ac!$I:$I,"TTC PRÉ"),2) -> 5.43 | G174: =ROUND(SUMIFS(repasse_ac!$R:$R,repasse_ac!$A:$A,$A174,repasse_ac!$F:$F,$D174,repasse_ac!$I:$I,"TTC PÓS"),2) -> 5.62 | H174: =G174-F174 -> 0.19 | I174: =(ROUNDDOWN(ROUND(G174*(1+0.2),2)*100/10,0)*10+IF(MOD(ROUND(G174*(1+0.2),2)*100,10)>4,9,-1))/100 -> 6.69 | J174: =ROUND(SUMIFS(repasse_ac!$P:$P,repasse_ac!$A:$A,$A174,repasse_ac!$F:$F,$D174,repasse_ac!$I:$I,"TTC PRÉ"),2) -> 5.43 | K174: =ROUND(SUMIFS(repasse_ac!$P:$P,repasse_ac!$A:$A,$A174,repasse_ac!$F:$F,$D174,repasse_ac!$I:$I,"TTC PÓS"),2) -> 4.99 | L174: =K174-J174 -> -0.44 | M174: =(ROUNDDOWN(ROUND(K174*(1+0.2),2)*100/10,0)*10+IF(MOD(ROUND(K174*(1+0.2),2)*100,10)>4,9,-1))/100 -> 5.99 | N174: =ROUND(SUMIFS(repasse_ac!$J:$J,repasse_ac!$A:$A,$A174,repasse_ac!$F:$F,$D174,repasse_ac!$I:$I,"TTC PRÉ"),2) -> 6.49 | O174: =ROUND(SUMIFS(repasse_ac!$J:$J,repasse_ac!$A:$A,$A174,repasse_ac!$F:$F,$D174,repasse_ac!$I:$I,"TTC PÓS"),2) -> 6.49 | P174: =O174-N174 -> 0 | Q174: =ROUND(SUMIFS(repasse_ac!$N:$N,repasse_ac!$A:$A,$A174,repasse_ac!$F:$F,$D174,repasse_ac!$I:$I,"TTC PRÉ"),2) -> 5.79 | R174: =ROUND(SUMIFS(repasse_ac!$N:$N,repasse_ac!$A:$A,$A174,repasse_ac!$F:$F,$D174,repasse_ac!$I:$I,"TTC PÓS"),2) -> 5.99 | S174: =R174-Q174 -> 0.2
A175: DF | B175: GEO CO | C175: PET 2L | D175: PCB P2 | E175: 6 | F175: =ROUND(SUMIFS(repasse_ac!$R:$R,repasse_ac!$A:$A,$A175,repasse_ac!$F:$F,$D175,repasse_ac!$I:$I,"TTC PRÉ"),2) -> 6.97 | G175: =ROUND(SUMIFS(repasse_ac!$R:$R,repasse_ac!$A:$A,$A175,repasse_ac!$F:$F,$D175,repasse_ac!$I:$I,"TTC PÓS"),2) -> 6.78 | H175: =G175-F175 -> -0.19 | I175: =(ROUNDDOWN(ROUND(G175*(1+0.2),2)*100/10,0)*10+IF(MOD(ROUND(G175*(1+0.2),2)*100,10)>4,9,-1))/100 -> 8.09 | J175: =ROUND(SUMIFS(repasse_ac!$P:$P,repasse_ac!$A:$A,$A175,repasse_ac!$F:$F,$D175,repasse_ac!$I:$I,"TTC PRÉ"),2) -> 6.41 | K175: =ROUND(SUMIFS(repasse_ac!$P:$P,repasse_ac!$A:$A,$A175,repasse_ac!$F:$F,$D175,repasse_ac!$I:$I,"TTC PÓS"),2) -> 6.24 | L175: =K175-J175 -> -0.17 | M175: =(ROUNDDOWN(ROUND(K175*(1+0.2),2)*100/10,0)*10+IF(MOD(ROUND(K175*(1+0.2),2)*100,10)>4,9,-1))/100 -> 7.49 | N175: =ROUND(SUMIFS(repasse_ac!$J:$J,repasse_ac!$A:$A,$A175,repasse_ac!$F:$F,$D175,repasse_ac!$I:$I,"TTC PRÉ"),2) -> 7.69 | O175: =ROUND(SUMIFS(repasse_ac!$J:$J,repasse_ac!$A:$A,$A175,repasse_ac!$F:$F,$D175,repasse_ac!$I:$I,"TTC PÓS"),2) -> 7.49 | P175: =O175-N175 -> -0.2 | Q175: =ROUND(SUMIFS(repasse_ac!$N:$N,repasse_ac!$A:$A,$A175,repasse_ac!$F:$F,$D175,repasse_ac!$I:$I,"TTC PRÉ"),2) -> 7.49 | R175: =ROUND(SUMIFS(repasse_ac!$N:$N,repasse_ac!$A:$A,$A175,repasse_ac!$F:$F,$D175,repasse_ac!$I:$I,"TTC PÓS"),2) -> 7.29 | S175: =R175-Q175 -> -0.2
A176: GO | B176: GEO CO | C176: PET 200 | D176: GCA P200 | E176: =_xlfn.XLOOKUP($D176,depara_repasse!E:E,depara_repasse!K:K) -> 12 | F176: =ROUND(SUMIFS(repasse_ac!$R:$R,repasse_ac!$A:$A,$A176,repasse_ac!$F:$F,$D176,repasse_ac!$I:$I,"TTC PRÉ"),2) -> 1.71 | G176: =ROUND(SUMIFS(repasse_ac!$R:$R,repasse_ac!$A:$A,$A176,repasse_ac!$F:$F,$D176,repasse_ac!$I:$I,"TTC PÓS"),2) -> 1.71 | H176: =G176-F176 -> 0 | I176: =(ROUNDDOWN(ROUND(G176*(1+0.2),2)*100/10,0)*10+IF(MOD(ROUND(G176*(1+0.2),2)*100,10)>4,9,-1))/100 -> 2.09 | J176: =ROUND(SUMIFS(repasse_ac!$P:$P,repasse_ac!$A:$A,$A176,repasse_ac!$F:$F,$D176,repasse_ac!$I:$I,"TTC PRÉ"),2) -> 1.67 | K176: =ROUND(SUMIFS(repasse_ac!$P:$P,repasse_ac!$A:$A,$A176,repasse_ac!$F:$F,$D176,repasse_ac!$I:$I,"TTC PÓS"),2) -> 1.67 | L176: =K176-J176 -> 0 | M176: =(ROUNDDOWN(ROUND(K176*(1+0.2),2)*100/10,0)*10+IF(MOD(ROUND(K176*(1+0.2),2)*100,10)>4,9,-1))/100 -> 1.99 | N176: =ROUND(SUMIFS(repasse_ac!$J:$J,repasse_ac!$A:$A,$A176,repasse_ac!$F:$F,$D176,repasse_ac!$I:$I,"TTC PRÉ"),2) -> 1.99 | O176: =ROUND(SUMIFS(repasse_ac!$J:$J,repasse_ac!$A:$A,$A176,repasse_ac!$F:$F,$D176,repasse_ac!$I:$I,"TTC PÓS"),2) -> 1.99 | P176: =O176-N176 -> 0 | Q176: =ROUND(SUMIFS(repasse_ac!$N:$N,repasse_ac!$A:$A,$A176,repasse_ac!$F:$F,$D176,repasse_ac!$I:$I,"TTC PRÉ"),2) -> 1.89 | R176: =ROUND(SUMIFS(repasse_ac!$N:$N,repasse_ac!$A:$A,$A176,repasse_ac!$F:$F,$D176,repasse_ac!$I:$I,"TTC PÓS"),2) -> 1.89 | S176: =R176-Q176 -> 0
A177: GO | B177: GEO CO | C177: PET 200 | D177: GCAD P200 | E177: =_xlfn.XLOOKUP($D177,depara_repasse!E:E,depara_repasse!K:K) -> 12 | F177: =ROUND(SUMIFS(repasse_ac!$R:$R,repasse_ac!$A:$A,$A177,repasse_ac!$F:$F,$D177,repasse_ac!$I:$I,"TTC PRÉ"),2) -> 1.71 | G177: =ROUND(SUMIFS(repasse_ac!$R:$R,repasse_ac!$A:$A,$A177,repasse_ac!$F:$F,$D177,repasse_ac!$I:$I,"TTC PÓS"),2) -> 1.71 | H177: =G177-F177 -> 0 | I177: =(ROUNDDOWN(ROUND(G177*(1+0.2),2)*100/10,0)*10+IF(MOD(ROUND(G177*(1+0.2),2)*100,10)>4,9,-1))/100 -> 2.09 | J177: =ROUND(SUMIFS(repasse_ac!$P:$P,repasse_ac!$A:$A,$A177,repasse_ac!$F:$F,$D177,repasse_ac!$I:$I,"TTC PRÉ"),2) -> 1.67 | K177: =ROUND(SUMIFS(repasse_ac!$P:$P,repasse_ac!$A:$A,$A177,repasse_ac!$F:$F,$D177,repasse_ac!$I:$I,"TTC PÓS"),2) -> 1.67 | L177: =K177-J177 -> 0 | M177: =(ROUNDDOWN(ROUND(K177*(1+0.2),2)*100/10,0)*10+IF(MOD(ROUND(K177*(1+0.2),2)*100,10)>4,9,-1))/100 -> 1.99 | N177: =ROUND(SUMIFS(repasse_ac!$J:$J,repasse_ac!$A:$A,$A177,repasse_ac!$F:$F,$D177,repasse_ac!$I:$I,"TTC PRÉ"),2) -> 1.99 | O177: =ROUND(SUMIFS(repasse_ac!$J:$J,repasse_ac!$A:$A,$A177,repasse_ac!$F:$F,$D177,repasse_ac!$I:$I,"TTC PÓS"),2) -> 1.99 | P177: =O177-N177 -> 0 | Q177: =ROUND(SUMIFS(repasse_ac!$N:$N,repasse_ac!$A:$A,$A177,repasse_ac!$F:$F,$D177,repasse_ac!$I:$I,"TTC PRÉ"),2) -> 1.89 | R177: =ROUND(SUMIFS(repasse_ac!$N:$N,repasse_ac!$A:$A,$A177,repasse_ac!$F:$F,$D177,repasse_ac!$I:$I,"TTC PÓS"),2) -> 1.89 | S177: =R177-Q177 -> 0
A178: GO | B178: GEO CO | C178: PET 200 | D178: PC P200 | E178: =_xlfn.XLOOKUP($D178,depara_repasse!E:E,depara_repasse!K:K) -> 12 | F178: =ROUND(SUMIFS(repasse_ac!$R:$R,repasse_ac!$A:$A,$A178,repasse_ac!$F:$F,$D178,repasse_ac!$I:$I,"TTC PRÉ"),2) -> 1.62 | G178: =ROUND(SUMIFS(repasse_ac!$R:$R,repasse_ac!$A:$A,$A178,repasse_ac!$F:$F,$D178,repasse_ac!$I:$I,"TTC PÓS"),2) -> 1.71 | H178: =G178-F178 -> 0.09 | I178: =(ROUNDDOWN(ROUND(G178*(1+0.2),2)*100/10,0)*10+IF(MOD(ROUND(G178*(1+0.2),2)*100,10)>4,9,-1))/100 -> 2.09 | J178: =ROUND(SUMIFS(repasse_ac!$P:$P,repasse_ac!$A:$A,$A178,repasse_ac!$F:$F,$D178,repasse_ac!$I:$I,"TTC PRÉ"),2) -> 1.59 | K178: =ROUND(SUMIFS(repasse_ac!$P:$P,repasse_ac!$A:$A,$A178,repasse_ac!$F:$F,$D178,repasse_ac!$I:$I,"TTC PÓS"),2) -> 1.67 | L178: =K178-J178 -> 0.08 | M178: =(ROUNDDOWN(ROUND(K178*(1+0.2),2)*100/10,0)*10+IF(MOD(ROUND(K178*(1+0.2),2)*100,10)>4,9,-1))/100 -> 1.99 | N178: =ROUND(SUMIFS(repasse_ac!$J:$J,repasse_ac!$A:$A,$A178,repasse_ac!$F:$F,$D178,repasse_ac!$I:$I,"TTC PRÉ"),2) -> 1.89 | O178: =ROUND(SUMIFS(repasse_ac!$J:$J,repasse_ac!$A:$A,$A178,repasse_ac!$F:$F,$D178,repasse_ac!$I:$I,"TTC PÓS"),2) -> 1.99 | P178: =O178-N178 -> 0.1 | Q178: =ROUND(SUMIFS(repasse_ac!$N:$N,repasse_ac!$A:$A,$A178,repasse_ac!$F:$F,$D178,repasse_ac!$I:$I,"TTC PRÉ"),2) -> 1.79 | R178: =ROUND(SUMIFS(repasse_ac!$N:$N,repasse_ac!$A:$A,$A178,repasse_ac!$F:$F,$D178,repasse_ac!$I:$I,"TTC PÓS"),2) -> 1.89 | S178: =R178-Q178 -> 0.1
A179: GO | B179: GEO CO | C179: PET 200 | D179: SLA P200 | E179: =_xlfn.XLOOKUP($D179,depara_repasse!E:E,depara_repasse!K:K) -> 12 | F179: =ROUND(SUMIFS(repasse_ac!$R:$R,repasse_ac!$A:$A,$A179,repasse_ac!$F:$F,$D179,repasse_ac!$I:$I,"TTC PRÉ"),2) -> 1.62 | G179: =ROUND(SUMIFS(repasse_ac!$R:$R,repasse_ac!$A:$A,$A179,repasse_ac!$F:$F,$D179,repasse_ac!$I:$I,"TTC PÓS"),2) -> 1.71 | H179: =G179-F179 -> 0.09 | I179: =(ROUNDDOWN(ROUND(G179*(1+0.2),2)*100/10,0)*10+IF(MOD(ROUND(G179*(1+0.2),2)*100,10)>4,9,-1))/100 -> 2.09 | J179: =ROUND(SUMIFS(repasse_ac!$P:$P,repasse_ac!$A:$A,$A179,repasse_ac!$F:$F,$D179,repasse_ac!$I:$I,"TTC PRÉ"),2) -> 1.59 | K179: =ROUND(SUMIFS(repasse_ac!$P:$P,repasse_ac!$A:$A,$A179,repasse_ac!$F:$F,$D179,repasse_ac!$I:$I,"TTC PÓS"),2) -> 1.67 | L179: =K179-J179 -> 0.08 | M179: =(ROUNDDOWN(ROUND(K179*(1+0.2),2)*100/10,0)*10+IF(MOD(ROUND(K179*(1+0.2),2)*100,10)>4,9,-1))/100 -> 1.99 | N179: =ROUND(SUMIFS(repasse_ac!$J:$J,repasse_ac!$A:$A,$A179,repasse_ac!$F:$F,$D179,repasse_ac!$I:$I,"TTC PRÉ"),2) -> 1.89 | O179: =ROUND(SUMIFS(repasse_ac!$J:$J,repasse_ac!$A:$A,$A179,repasse_ac!$F:$F,$D179,repasse_ac!$I:$I,"TTC PÓS"),2) -> 1.99 | P179: =O179-N179 -> 0.1 | Q179: =ROUND(SUMIFS(repasse_ac!$N:$N,repasse_ac!$A:$A,$A179,repasse_ac!$F:$F,$D179,repasse_ac!$I:$I,"TTC PRÉ"),2) -> 1.79 | R179: =ROUND(SUMIFS(repasse_ac!$N:$N,repasse_ac!$A:$A,$A179,repasse_ac!$F:$F,$D179,repasse_ac!$I:$I,"TTC PÓS"),2) -> 1.89 | S179: =R179-Q179 -> 0.1
A180: GO | B180: GEO CO | C180: PET 200 | D180: SAB P200 | E180: =_xlfn.XLOOKUP($D180,depara_repasse!E:E,depara_repasse!K:K) -> 12 | F180: =ROUND(SUMIFS(repasse_ac!$R:$R,repasse_ac!$A:$A,$A180,repasse_ac!$F:$F,$D180,repasse_ac!$I:$I,"TTC PRÉ"),2) -> 1.62 | G180: =ROUND(SUMIFS(repasse_ac!$R:$R,repasse_ac!$A:$A,$A180,repasse_ac!$F:$F,$D180,repasse_ac!$I:$I,"TTC PÓS"),2) -> 1.71 | H180: =G180-F180 -> 0.09 | I180: =(ROUNDDOWN(ROUND(G180*(1+0.2),2)*100/10,0)*10+IF(MOD(ROUND(G180*(1+0.2),2)*100,10)>4,9,-1))/100 -> 2.09 | J180: =ROUND(SUMIFS(repasse_ac!$P:$P,repasse_ac!$A:$A,$A180,repasse_ac!$F:$F,$D180,repasse_ac!$I:$I,"TTC PRÉ"),2) -> 1.59 | K180: =ROUND(SUMIFS(repasse_ac!$P:$P,repasse_ac!$A:$A,$A180,repasse_ac!$F:$F,$D180,repasse_ac!$I:$I,"TTC PÓS"),2) -> 1.67 | L180: =K180-J180 -> 0.08 | M180: =(ROUNDDOWN(ROUND(K180*(1+0.2),2)*100/10,0)*10+IF(MOD(ROUND(K180*(1+0.2),2)*100,10)>4,9,-1))/100 -> 1.99 | N180: =ROUND(SUMIFS(repasse_ac!$J:$J,repasse_ac!$A:$A,$A180,repasse_ac!$F:$F,$D180,repasse_ac!$I:$I,"TTC PRÉ"),2) -> 1.89 | O180: =ROUND(SUMIFS(repasse_ac!$J:$J,repasse_ac!$A:$A,$A180,repasse_ac!$F:$F,$D180,repasse_ac!$I:$I,"TTC PÓS"),2) -> 1.99 | P180: =O180-N180 -> 0.1 | Q180: =ROUND(SUMIFS(repasse_ac!$N:$N,repasse_ac!$A:$A,$A180,repasse_ac!$F:$F,$D180,repasse_ac!$I:$I,"TTC PRÉ"),2) -> 1.79 | R180: =ROUND(SUMIFS(repasse_ac!$N:$N,repasse_ac!$A:$A,$A180,repasse_ac!$F:$F,$D180,repasse_ac!$I:$I,"TTC PÓS"),2) -> 1.89 | S180: =R180-Q180 -> 0.1
A181: GO | B181: GEO CO | C181: LATA 269 | D181: GCA LT269 | E181: 15 | F181: =ROUND(SUMIFS(repasse_ac!$R:$R,repasse_ac!$A:$A,$A181,repasse_ac!$F:$F,$D181,repasse_ac!$I:$I,"TTC PRÉ"),2) -> 2.19 | G181: =ROUND(SUMIFS(repasse_ac!$R:$R,repasse_ac!$A:$A,$A181,repasse_ac!$F:$F,$D181,repasse_ac!$I:$I,"TTC PÓS"),2) -> 2.19 | H181: =G181-F181 -> 0 | I181: =(ROUNDDOWN(ROUND(G181*(1+0.2),2)*100/10,0)*10+IF(MOD(ROUND(G181*(1+0.2),2)*100,10)>4,9,-1))/100 -> 2.59 | J181: =ROUND(SUMIFS(repasse_ac!$P:$P,repasse_ac!$A:$A,$A181,repasse_ac!$F:$F,$D181,repasse_ac!$I:$I,"TTC PRÉ"),2) -> 2.09 | K181: =ROUND(SUMIFS(repasse_ac!$P:$P,repasse_ac!$A:$A,$A181,repasse_ac!$F:$F,$D181,repasse_ac!$I:$I,"TTC PÓS"),2) -> 2.09 | L181: =K181-J181 -> 0 | M181: =(ROUNDDOWN(ROUND(K181*(1+0.2),2)*100/10,0)*10+IF(MOD(ROUND(K181*(1+0.2),2)*100,10)>4,9,-1))/100 -> 2.49 | N181: =ROUND(SUMIFS(repasse_ac!$J:$J,repasse_ac!$A:$A,$A181,repasse_ac!$F:$F,$D181,repasse_ac!$I:$I,"TTC PRÉ"),2) -> 2.49 | O181: =ROUND(SUMIFS(repasse_ac!$J:$J,repasse_ac!$A:$A,$A181,repasse_ac!$F:$F,$D181,repasse_ac!$I:$I,"TTC PÓS"),2) -> 2.49 | P181: =O181-N181 -> 0 | Q181: =ROUND(SUMIFS(repasse_ac!$N:$N,repasse_ac!$A:$A,$A181,repasse_ac!$F:$F,$D181,repasse_ac!$I:$I,"TTC PRÉ"),2) -> 2.29 | R181: =ROUND(SUMIFS(repasse_ac!$N:$N,repasse_ac!$A:$A,$A181,repasse_ac!$F:$F,$D181,repasse_ac!$I:$I,"TTC PÓS"),2) -> 2.29 | S181: =R181-Q181 -> 0
A182: GO | B182: GEO CO | C182: LATA 269 | D182: PC LT269 | E182: =_xlfn.XLOOKUP($D182,depara_repasse!E:E,depara_repasse!K:K) -> 15 | F182: =ROUND(SUMIFS(repasse_ac!$R:$R,repasse_ac!$A:$A,$A182,repasse_ac!$F:$F,$D182,repasse_ac!$I:$I,"TTC PRÉ"),2) -> 2.19 | G182: =ROUND(SUMIFS(repasse_ac!$R:$R,repasse_ac!$A:$A,$A182,repasse_ac!$F:$F,$D182,repasse_ac!$I:$I,"TTC PÓS"),2) -> 2.19 | H182: =G182-F182 -> 0 | I182: =(ROUNDDOWN(ROUND(G182*(1+0.2),2)*100/10,0)*10+IF(MOD(ROUND(G182*(1+0.2),2)*100,10)>4,9,-1))/100 -> 2.59 | J182: =ROUND(SUMIFS(repasse_ac!$P:$P,repasse_ac!$A:$A,$A182,repasse_ac!$F:$F,$D182,repasse_ac!$I:$I,"TTC PRÉ"),2) -> 2.09 | K182: =ROUND(SUMIFS(repasse_ac!$P:$P,repasse_ac!$A:$A,$A182,repasse_ac!$F:$F,$D182,repasse_ac!$I:$I,"TTC PÓS"),2) -> 2.15 | L182: =K182-J182 -> 0.06 | M182: =(ROUNDDOWN(ROUND(K182*(1+0.2),2)*100/10,0)*10+IF(MOD(ROUND(K182*(1+0.2),2)*100,10)>4,9,-1))/100 -> 2.59 | N182: =ROUND(SUMIFS(repasse_ac!$J:$J,repasse_ac!$A:$A,$A182,repasse_ac!$F:$F,$D182,repasse_ac!$I:$I,"TTC PRÉ"),2) -> 2.49 | O182: =ROUND(SUMIFS(repasse_ac!$J:$J,repasse_ac!$A:$A,$A182,repasse_ac!$F:$F,$D182,repasse_ac!$I:$I,"TTC PÓS"),2) -> 2.59 | P182: =O182-N182 -> 0.1 | Q182: =ROUND(SUMIFS(repasse_ac!$N:$N,repasse_ac!$A:$A,$A182,repasse_ac!$F:$F,$D182,repasse_ac!$I:$I,"TTC PRÉ"),2) -> 2.29 | R182: =ROUND(SUMIFS(repasse_ac!$N:$N,repasse_ac!$A:$A,$A182,repasse_ac!$F:$F,$D182,repasse_ac!$I:$I,"TTC PÓS"),2) -> 2.29 | S182: =R182-Q182 -> 0
A183: GO | B183: GEO CO | C183: LATA 269 | D183: TA LT269 | E183: =_xlfn.XLOOKUP($D183,depara_repasse!E:E,depara_repasse!K:K) -> 15 | F183: =ROUND(SUMIFS(repasse_ac!$R:$R,repasse_ac!$A:$A,$A183,repasse_ac!$F:$F,$D183,repasse_ac!$I:$I,"TTC PRÉ"),2) -> 2.27 | G183: =ROUND(SUMIFS(repasse_ac!$R:$R,repasse_ac!$A:$A,$A183,repasse_ac!$F:$F,$D183,repasse_ac!$I:$I,"TTC PÓS"),2) -> 2.27 | H183: =G183-F183 -> 0 | I183: =(ROUNDDOWN(ROUND(G183*(1+0.2),2)*100/10,0)*10+IF(MOD(ROUND(G183*(1+0.2),2)*100,10)>4,9,-1))/100 -> 2.69 | J183: =ROUND(SUMIFS(repasse_ac!$P:$P,repasse_ac!$A:$A,$A183,repasse_ac!$F:$F,$D183,repasse_ac!$I:$I,"TTC PRÉ"),2) -> 2.09 | K183: =ROUND(SUMIFS(repasse_ac!$P:$P,repasse_ac!$A:$A,$A183,repasse_ac!$F:$F,$D183,repasse_ac!$I:$I,"TTC PÓS"),2) -> 2.17 | L183: =K183-J183 -> 0.08 | M183: =(ROUNDDOWN(ROUND(K183*(1+0.2),2)*100/10,0)*10+IF(MOD(ROUND(K183*(1+0.2),2)*100,10)>4,9,-1))/100 -> 2.59 | N183: =ROUND(SUMIFS(repasse_ac!$J:$J,repasse_ac!$A:$A,$A183,repasse_ac!$F:$F,$D183,repasse_ac!$I:$I,"TTC PRÉ"),2) -> 2.49 | O183: =ROUND(SUMIFS(repasse_ac!$J:$J,repasse_ac!$A:$A,$A183,repasse_ac!$F:$F,$D183,repasse_ac!$I:$I,"TTC PÓS"),2) -> 2.59 | P183: =O183-N183 -> 0.1 | Q183: =ROUND(SUMIFS(repasse_ac!$N:$N,repasse_ac!$A:$A,$A183,repasse_ac!$F:$F,$D183,repasse_ac!$I:$I,"TTC PRÉ"),2) -> 2.49 | R183: =ROUND(SUMIFS(repasse_ac!$N:$N,repasse_ac!$A:$A,$A183,repasse_ac!$F:$F,$D183,repasse_ac!$I:$I,"TTC PÓS"),2) -> 2.49 | S183: =R183-Q183 -> 0
A184: GO | B184: GEO CO | C184: LATA 310 | D184: GCA LT310 | E184: 12 | F184: =ROUND(SUMIFS(repasse_ac!$R:$R,repasse_ac!$A:$A,$A184,repasse_ac!$F:$F,$D184,repasse_ac!$I:$I,"TTC PRÉ"),2) -> 2.17 | G184: =ROUND(SUMIFS(repasse_ac!$R:$R,repasse_ac!$A:$A,$A184,repasse_ac!$F:$F,$D184,repasse_ac!$I:$I,"TTC PÓS"),2) -> 2.17 | H184: =G184-F184 -> 0 | I184: =(ROUNDDOWN(ROUND(G184*(1+0.2),2)*100/10,0)*10+IF(MOD(ROUND(G184*(1+0.2),2)*100,10)>4,9,-1))/100 -> 2.59 | J184: =ROUND(SUMIFS(repasse_ac!$P:$P,repasse_ac!$A:$A,$A184,repasse_ac!$F:$F,$D184,repasse_ac!$I:$I,"TTC PRÉ"),2) -> 2.17 | K184: =ROUND(SUMIFS(repasse_ac!$P:$P,repasse_ac!$A:$A,$A184,repasse_ac!$F:$F,$D184,repasse_ac!$I:$I,"TTC PÓS"),2) -> 2.17 | L184: =K184-J184 -> 0 | M184: =(ROUNDDOWN(ROUND(K184*(1+0.2),2)*100/10,0)*10+IF(MOD(ROUND(K184*(1+0.2),2)*100,10)>4,9,-1))/100 -> 2.59 | N184: =ROUND(SUMIFS(repasse_ac!$J:$J,repasse_ac!$A:$A,$A184,repasse_ac!$F:$F,$D184,repasse_ac!$I:$I,"TTC PRÉ"),2) -> 2.59 | O184: =ROUND(SUMIFS(repasse_ac!$J:$J,repasse_ac!$A:$A,$A184,repasse_ac!$F:$F,$D184,repasse_ac!$I:$I,"TTC PÓS"),2) -> 2.59 | P184: =O184-N184 -> 0 | Q184: =ROUND(SUMIFS(repasse_ac!$N:$N,repasse_ac!$A:$A,$A184,repasse_ac!$F:$F,$D184,repasse_ac!$I:$I,"TTC PRÉ"),2) -> 2.29 | R184: =ROUND(SUMIFS(repasse_ac!$N:$N,repasse_ac!$A:$A,$A184,repasse_ac!$F:$F,$D184,repasse_ac!$I:$I,"TTC PÓS"),2) -> 2.29 | S184: =R184-Q184 -> 0
...

Sheet repasse_concat
A1: GEO | B1: Emb. | C1: SKU | D1: QTD CX | E1: ttv_pre | F1: ttv_pos | G1: pinc | H1: %pinc
A2: GEO CO | B2: PET 200 | C2: GCA P200 | D2: =_xlfn.XLOOKUP($C2,depara_repasse!E:E,depara_repasse!K:K) -> 12 | E2: =ROUND(_xlfn.XLOOKUP($C2,'[1]Canais Estados'!$B:$B,'[1]Canais Estados'!$BJ:$BJ),2) -> 1.34 | F2: =ROUND(_xlfn.XLOOKUP($C2,'[1]Canais Estados'!$B:$B,'[1]Canais Estados'!$BN:$BN),2) -> 1.34 | G2: =F2-E2 -> 0 | H2: =ROUND((F2/E2)-1,4) -> 0
A3: GEO CO | B3: PET 200 | C3: GCAD P200 | D3: =_xlfn.XLOOKUP($C3,depara_repasse!E:E,depara_repasse!K:K) -> 12 | E3: =ROUND(_xlfn.XLOOKUP($C3,'[1]Canais Estados'!$B:$B,'[1]Canais Estados'!$BJ:$BJ),2) -> 1.34 | F3: =ROUND(_xlfn.XLOOKUP($C3,'[1]Canais Estados'!$B:$B,'[1]Canais Estados'!$BN:$BN),2) -> 1.34 | G3: =F3-E3 -> 0 | H3: =ROUND((F3/E3)-1,4) -> 0
A4: GEO CO | B4: PET 200 | C4: PC P200 | D4: =_xlfn.XLOOKUP($C4,depara_repasse!E:E,depara_repasse!K:K) -> 12 | E4: =ROUND(_xlfn.XLOOKUP($C4,'[1]Canais Estados'!$B:$B,'[1]Canais Estados'!$BJ:$BJ),2) -> 1.24 | F4: =ROUND(_xlfn.XLOOKUP($C4,'[1]Canais Estados'!$B:$B,'[1]Canais Estados'!$BN:$BN),2) -> 1.24 | G4: =F4-E4 -> 0 | H4: =ROUND((F4/E4)-1,4) -> 0
A5: GEO CO | B5: PET 200 | C5: SLA P200 | D5: =_xlfn.XLOOKUP($C5,depara_repasse!E:E,depara_repasse!K:K) -> 12 | E5: =ROUND(_xlfn.XLOOKUP($C5,'[1]Canais Estados'!$B:$B,'[1]Canais Estados'!$BJ:$BJ),2) -> 1.24 | F5: =ROUND(_xlfn.XLOOKUP($C5,'[1]Canais Estados'!$B:$B,'[1]Canais Estados'!$BN:$BN),2) -> 1.24 | G5: =F5-E5 -> 0 | H5: =ROUND((F5/E5)-1,4) -> 0
A6: GEO CO | B6: PET 200 | C6: SAB P200 | D6: =_xlfn.XLOOKUP($C6,depara_repasse!E:E,depara_repasse!K:K) -> 12 | E6: =ROUND(_xlfn.XLOOKUP($C6,'[1]Canais Estados'!$B:$B,'[1]Canais Estados'!$BJ:$BJ),2) -> 1.24 | F6: =ROUND(_xlfn.XLOOKUP($C6,'[1]Canais Estados'!$B:$B,'[1]Canais Estados'!$BN:$BN),2) -> 1.24 | G6: =F6-E6 -> 0 | H6: =ROUND((F6/E6)-1,4) -> 0
A7: GEO CO | B7: LATA 269 | C7: GCA LT269 | D7: 15 | E7: =ROUND(_xlfn.XLOOKUP($C7,'[1]Canais Estados'!$B:$B,'[1]Canais Estados'!$BJ:$BJ),2) -> 1.83 | F7: =ROUND(_xlfn.XLOOKUP($C7,'[1]Canais Estados'!$B:$B,'[1]Canais Estados'!$BN:$BN),2) -> 1.83 | G7: =F7-E7 -> 0 | H7: =ROUND((F7/E7)-1,4) -> 0
A8: GEO CO | B8: LATA 269 | C8: PC LT269 | D8: =_xlfn.XLOOKUP($C8,depara_repasse!E:E,depara_repasse!K:K) -> 15 | E8: =ROUND(_xlfn.XLOOKUP($C8,'[1]Canais Estados'!$B:$B,'[1]Canais Estados'!$BJ:$BJ),2) -> 1.83 | F8: =ROUND(_xlfn.XLOOKUP($C8,'[1]Canais Estados'!$B:$B,'[1]Canais Estados'!$BN:$BN),2) -> 1.83 | G8: =F8-E8 -> 0 | H8: =ROUND((F8/E8)-1,4) -> 0
A9: GEO CO | B9: LATA 269 | C9: TA LT269 | D9: =_xlfn.XLOOKUP($C9,depara_repasse!E:E,depara_repasse!K:K) -> 15 | E9: =ROUND(_xlfn.XLOOKUP($C9,'[1]Canais Estados'!$B:$B,'[1]Canais Estados'!$BJ:$BJ),2) -> 1.66 | F9: =ROUND(_xlfn.XLOOKUP($C9,'[1]Canais Estados'!$B:$B,'[1]Canais Estados'!$BN:$BN),2) -> 1.66 | G9: =F9-E9 -> 0 | H9: =ROUND((F9/E9)-1,4) -> 0
A10: GEO CO | B10: LATA 310 | C10: GCA LT310 | D10: 12 | E10: =ROUND(_xlfn.XLOOKUP($C10,'[1]Canais Estados'!$B:$B,'[1]Canais Estados'!$BJ:$BJ),2) -> 1.93 | F10: =ROUND(_xlfn.XLOOKUP($C10,'[1]Canais Estados'!$B:$B,'[1]Canais Estados'!$BN:$BN),2) -> 1.93 | G10: =F10-E10 -> 0 | H10: =ROUND((F10/E10)-1,4) -> 0
A11: GEO CO | B11: LATA 310 | C11: PC LT310 | D11: =_xlfn.XLOOKUP($C11,depara_repasse!E:E,depara_repasse!K:K) -> 15 | E11: =ROUND(_xlfn.XLOOKUP($C11,'[1]Canais Estados'!$B:$B,'[1]Canais Estados'!$BJ:$BJ),2) -> 1.91 | F11: =ROUND(_xlfn.XLOOKUP($C11,'[1]Canais Estados'!$B:$B,'[1]Canais Estados'!$BN:$BN),2) -> 1.91 | G11: =F11-E11 -> 0 | H11: =ROUND((F11/E11)-1,4) -> 0
A12: GEO CO | B12: LATA 350 | C12: GCA LT350 | D12: =_xlfn.XLOOKUP($C12,depara_repasse!E:E,depara_repasse!K:K) -> 12 | E12: =ROUND(_xlfn.XLOOKUP($C12,'[1]Canais Estados'!$B:$B,'[1]Canais Estados'!$BJ:$BJ),2) -> 2.29 | F12: =ROUND(_xlfn.XLOOKUP($C12,'[1]Canais Estados'!$B:$B,'[1]Canais Estados'!$BN:$BN),2) -> 2.36 | G12: =F12-E12 -> 0.07 | H12: =ROUND((F12/E12)-1,4) -> 0.0306
A13: GEO CO | B13: LATA 350 | C13: GCAD LT350 | D13: =_xlfn.XLOOKUP($C13,depara_repasse!E:E,depara_repasse!K:K) -> 12 | E13: =ROUND(_xlfn.XLOOKUP($C13,'[1]Canais Estados'!$B:$B,'[1]Canais Estados'!$BJ:$BJ),2) -> 2.29 | F13: =ROUND(_xlfn.XLOOKUP($C13,'[1]Canais Estados'!$B:$B,'[1]Canais Estados'!$BN:$BN),2) -> 2.37 | G13: =F13-E13 -> 0.08 | H13: =ROUND((F13/E13)-1,4) -> 0.0349
A14: GEO CO | B14: LATA 350 | C14: PC LT350 | D14: =_xlfn.XLOOKUP($C14,depara_repasse!E:E,depara_repasse!K:K) -> 12 | E14: =ROUND(_xlfn.XLOOKUP($C14,'[1]Canais Estados'!$B:$B,'[1]Canais Estados'!$BJ:$BJ),2) -> 2.08 | F14: =ROUND(_xlfn.XLOOKUP($C14,'[1]Canais Estados'!$B:$B,'[1]Canais Estados'!$BN:$BN),2) -> 2.18 | G14: =F14-E14 -> 0.1 | H14: =ROUND((F14/E14)-1,4) -> 0.0481
A15: GEO CO | B15: LATA 350 | C15: SLA LT350 | D15: =_xlfn.XLOOKUP($C15,depara_repasse!E:E,depara_repasse!K:K) -> 12 | E15: =ROUND(_xlfn.XLOOKUP($C15,'[1]Canais Estados'!$B:$B,'[1]Canais Estados'!$BJ:$BJ),2) -> 2.08 | F15: =ROUND(_xlfn.XLOOKUP($C15,'[1]Canais Estados'!$B:$B,'[1]Canais Estados'!$BN:$BN),2) -> 2.18 | G15: =F15-E15 -> 0.1 | H15: =ROUND((F15/E15)-1,4) -> 0.0481
A16: GEO CO | B16: LATA 350 | C16: SAB LT350 | D16: =_xlfn.XLOOKUP($C16,depara_repasse!E:E,depara_repasse!K:K) -> 12 | E16: =ROUND(_xlfn.XLOOKUP($C16,'[1]Canais Estados'!$B:$B,'[1]Canais Estados'!$BJ:$BJ),2) -> 2.08 | F16: =ROUND(_xlfn.XLOOKUP($C16,'[1]Canais Estados'!$B:$B,'[1]Canais Estados'!$BN:$BN),2) -> 2.18 | G16: =F16-E16 -> 0.1 | H16: =ROUND((F16/E16)-1,4) -> 0.0481
A17: GEO CO | B17: LATA 350 | C17: TA LT350 | D17: =_xlfn.XLOOKUP($C17,depara_repasse!E:E,depara_repasse!K:K) -> 12 | E17: =ROUND(_xlfn.XLOOKUP($C17,'[1]Canais Estados'!$B:$B,'[1]Canais Estados'!$BJ:$BJ),2) -> 2.6 | F17: =ROUND(_xlfn.XLOOKUP($C17,'[1]Canais Estados'!$B:$B,'[1]Canais Estados'!$BN:$BN),2) -> 2.65 | G17: =F17-E17 -> 0.05 | H17: =ROUND((F17/E17)-1,4) -> 0.0192
A18: GEO CO | B18: LATA 350 | C18: PACK 18 | D18: =_xlfn.XLOOKUP($C18,depara_repasse!E:E,depara_repasse!K:K) -> 18 | E18: =ROUND(_xlfn.XLOOKUP($C18,'[1]Canais Estados'!$B:$B,'[1]Canais Estados'!$BJ:$BJ),2) -> 1.99 | F18: =ROUND(_xlfn.XLOOKUP($C18,'[1]Canais Estados'!$B:$B,'[1]Canais Estados'!$BN:$BN),2) -> 2.6 | G18: =F18-E18 -> 0.61 | H18: =ROUND((F18/E18)-1,4) -> 0.3065
A19: GEO CO | B19: PET 500 | C19: H2OH P500 | D19: =_xlfn.XLOOKUP($C19,depara_repasse!E:E,depara_repasse!K:K) -> 12 | E19: =ROUND(_xlfn.XLOOKUP($C19,'[1]Canais Estados'!$B:$B,'[1]Canais Estados'!$BJ:$BJ),2) -> 2.99 | F19: =ROUND(_xlfn.XLOOKUP($C19,'[1]Canais Estados'!$B:$B,'[1]Canais Estados'!$BN:$BN),2) -> 3.07 | G19: =F19-E19 -> 0.08 | H19: =ROUND((F19/E19)-1,4) -> 0.0268
A20: GEO CO | B20: PET 600 | C20: GCA P600 | D20: =_xlfn.XLOOKUP($C20,depara_repasse!E:E,depara_repasse!K:K) -> 12 | E20: =ROUND(_xlfn.XLOOKUP($C20,'[1]Canais Estados'!$B:$B,'[1]Canais Estados'!$BJ:$BJ),2) -> 3.29 | F20: =ROUND(_xlfn.XLOOKUP($C20,'[1]Canais Estados'!$B:$B,'[1]Canais Estados'!$BN:$BN),2) -> 3.29 | G20: =F20-E20 -> 0 | H20: =ROUND((F20/E20)-1,4) -> 0
A21: GEO CO | B21: PET 600 | C21: GCAD P600 | D21: =_xlfn.XLOOKUP($C21,depara_repasse!E:E,depara_repasse!K:K) -> 12 | E21: =ROUND(_xlfn.XLOOKUP($C21,'[1]Canais Estados'!$B:$B,'[1]Canais Estados'!$BJ:$BJ),2) -> 3.28 | F21: =ROUND(_xlfn.XLOOKUP($C21,'[1]Canais Estados'!$B:$B,'[1]Canais Estados'!$BN:$BN),2) -> 3.28 | G21: =F21-E21 -> 0 | H21: =ROUND((F21/E21)-1,4) -> 0
A22: GEO CO | B22: PET 600 | C22: PC P600 | D22: =_xlfn.XLOOKUP($C22,depara_repasse!E:E,depara_repasse!K:K) -> 12 | E22: =ROUND(_xlfn.XLOOKUP($C22,'[1]Canais Estados'!$B:$B,'[1]Canais Estados'!$BJ:$BJ),2) -> 3.16 | F22: =ROUND(_xlfn.XLOOKUP($C22,'[1]Canais Estados'!$B:$B,'[1]Canais Estados'!$BN:$BN),2) -> 3.16 | G22: =F22-E22 -> 0 | H22: =ROUND((F22/E22)-1,4) -> 0
... A42: GEO CO | B42: PET 3L | C42: PC P3 | D42: =_xlfn.XLOOKUP($C42,depara_repasse!E:E,depara_repasse!K:K) -> 4 | E42: =ROUND(_xlfn.XLOOKUP($C42,'[1]Canais Estados'!$B:$B,'[1]Canais Estados'!$BJ:$BJ),2) -> 7.91 | F42: =ROUND(_xlfn.XLOOKUP($C42,'[1]Canais Estados'!$B:$B,'[1]Canais Estados'!$BN:$BN),2) -> 7.91 | G42: =F42-E42 -> 0 | H42: =ROUND((F42/E42)-1,4) -> 0
A43: GEO CO | B43: BAG | C43: BAG | D43: 1 | E43: =ROUND(_xlfn.XLOOKUP($C43,'[1]Canais Estados'!$B:$B,'[1]Canais Estados'!$BJ:$BJ),2) -> 207 | F43: =ROUND(_xlfn.XLOOKUP($C43,'[1]Canais Estados'!$B:$B,'[1]Canais Estados'!$BN:$BN),2) -> 207 | G43: =F43-E43 -> 0 | H43: =ROUND((F43/E43)-1,4) -> 0
A44: GEO CO | B44: PET 500 | C44: GAT P500 | D44: =_xlfn.XLOOKUP($C44,depara_repasse!E:E,depara_repasse!K:K) -> 6 | E44: =ROUND(_xlfn.XLOOKUP($C44,'[1]Canais Estados'!$B:$B,'[1]Canais Estados'!$BJ:$BJ),2) -> 4.49 | F44: =ROUND(_xlfn.XLOOKUP($C44,'[1]Canais Estados'!$B:$B,'[1]Canais Estados'!$BN:$BN),2) -> 4.49 | G44: =F44-E44 -> 0 | H44: =ROUND((F44/E44)-1,4) -> 0
A45: GEO CO | B45: LT 350 | C45: LIP LT350 | D45: =_xlfn.XLOOKUP($C45,depara_repasse!E:E,depara_repasse!K:K) -> 12 | E45: =ROUND(_xlfn.XLOOKUP($C45,'[1]Canais Estados'!$B:$B,'[1]Canais Estados'!$BJ:$BJ),2) -> 2.49 | F45: =ROUND(_xlfn.XLOOKUP($C45,'[1]Canais Estados'!$B:$B,'[1]Canais Estados'!$BN:$BN),2) -> 2.49 | G45: =F45-E45 -> 0 | H45: =ROUND((F45/E45)-1,4) -> 0
A46: GEO CO | B46: PET 500 | C46: LIP P500 | D46: =_xlfn.XLOOKUP($C46,depara_repasse!E:E,depara_repasse!K:K) -> 12 | E46: =ROUND(_xlfn.XLOOKUP($C46,'[1]Canais Estados'!$B:$B,'[1]Canais Estados'!$BJ:$BJ),2) -> 2.83 | F46: =ROUND(_xlfn.XLOOKUP($C46,'[1]Canais Estados'!$B:$B,'[1]Canais Estados'!$BN:$BN),2) -> 2.83 | G46: =F46-E46 -> 0 | H46: =ROUND((F46/E46)-1,4) -> 0
A47: GEO CO | B47: PET 1,5L | C47: LIP P1,5 | D47: =_xlfn.XLOOKUP($C47,depara_repasse!E:E,depara_repasse!K:K) -> 6 | E47: =ROUND(_xlfn.XLOOKUP($C47,'[1]Canais Estados'!$B:$B,'[1]Canais Estados'!$BJ:$BJ),2) -> 4.99 | F47: =ROUND(_xlfn.XLOOKUP($C47,'[1]Canais Estados'!$B:$B,'[1]Canais Estados'!$BN:$BN),2) -> 4.99 | G47: =F47-E47 -> 0 | H47: =ROUND((F47/E47)-1,4) -> 0
A48: GEO CO | B48: LATA 250 | C48: FUSION LT250 | D48: =_xlfn.XLOOKUP($C48,depara_repasse!E:E,depara_repasse!K:K) -> 6 | E48: =ROUND(_xlfn.XLOOKUP($C48,'[1]Canais Estados'!$B:$B,'[1]Canais Estados'!$BJ:$BJ),2) -> 2.85 | F48: =ROUND(_xlfn.XLOOKUP($C48,'[1]Canais Estados'!$B:$B,'[1]Canais Estados'!$BN:$BN),2) -> 2.85 | G48: =F48-E48 -> 0 | H48: =ROUND((F48/E48)-1,4) -> 0
A49: GEO CO | B49: LATA 355 | C49: FUSION P500 | D49: =_xlfn.XLOOKUP($C49,depara_repasse!E:E,depara_repasse!K:K) -> 12 | E49: =ROUND(_xlfn.XLOOKUP($C49,'[1]Canais Estados'!$B:$B,'[1]Canais Estados'!$BJ:$BJ),2) -> 3.21 | F49: =ROUND(_xlfn.XLOOKUP($C49,'[1]Canais Estados'!$B:$B,'[1]Canais Estados'!$BN:$BN),2) -> 3.21 | G49: =F49-E49 -> 0 | H49: =ROUND((F49/E49)-1,4) -> 0
A50: GEO CO | B50: PET 1L | C50: FUSION P1 | D50: =_xlfn.XLOOKUP($C50,depara_repasse!E:E,depara_repasse!K:K) -> 6 | E50: =ROUND(_xlfn.XLOOKUP($C50,'[1]Canais Estados'!$B:$B,'[1]Canais Estados'!$BJ:$BJ),2) -> 5.71 | F50: =ROUND(_xlfn.XLOOKUP($C50,'[1]Canais Estados'!$B:$B,'[1]Canais Estados'!$BN:$BN),2) -> 5.71 | G50: =F50-E50 -> 0 | H50: =ROUND((F50/E50)-1,4) -> 0
A51: GEO CO | B51: PET 2L | C51: FUSION P2 | D51: =_xlfn.XLOOKUP($C51,depara_repasse!E:E,depara_repasse!K:K) -> 6 | E51: =ROUND(_xlfn.XLOOKUP($C51,'[1]Canais Estados'!$B:$B,'[1]Canais Estados'!$BJ:$BJ),2) -> 7.49 | F51: =ROUND(_xlfn.XLOOKUP($C51,'[1]Canais Estados'!$B:$B,'[1]Canais Estados'!$BN:$BN),2) -> 7.49 | G51: =F51-E51 -> 0 | H51: =ROUND((F51/E51)-1,4) -> 0
A52: GEO CO | B52: PET 200 | C52: PCB P200 | D52: 12 | E52: =ROUND(_xlfn.XLOOKUP($C52,'[1]Canais Estados'!$B:$B,'[1]Canais Estados'!$BJ:$BJ),2) -> 1.24 | F52: =ROUND(_xlfn.XLOOKUP($C52,'[1]Canais Estados'!$B:$B,'[1]Canais Estados'!$BN:$BN),2) -> 1.24 | G52: =F52-E52 -> 0 | H52: =ROUND((F52/E52)-1,4) -> 0
A53: GEO CO | B53: LATA 350 | C53: PCB LT350 | D53: 12 | E53: =ROUND(_xlfn.XLOOKUP($C53,'[1]Canais Estados'!$B:$B,'[1]Canais Estados'!$BJ:$BJ),2) -> 2.09 | F53: =ROUND(_xlfn.XLOOKUP($C53,'[1]Canais Estados'!$B:$B,'[1]Canais Estados'!$BN:$BN),2) -> 2.19 | G53: =F53-E53 -> 0.1 | H53: =ROUND((F53/E53)-1,4) -> 0.0478
A54: GEO CO | B54: PET 1L | C54: PCB P1 | D54: 6 | E54: =ROUND(_xlfn.XLOOKUP($C54,'[1]Canais Estados'!$B:$B,'[1]Canais Estados'!$BJ:$BJ),2) -> 3.27 | F54: =ROUND(_xlfn.XLOOKUP($C54,'[1]Canais Estados'!$B:$B,'[1]Canais Estados'!$BN:$BN),2) -> 3.27 | G54: =F54-E54 -> 0 | H54: =ROUND((F54/E54)-1,4) -> 0
A55: GEO CO | B55: PET 1,5L | C55: PCB P1,5 | D55: 6 | E55: =ROUND(_xlfn.XLOOKUP($C55,'[1]Canais Estados'!$B:$B,'[1]Canais Estados'!$BJ:$BJ),2) -> 3.99 | F55: =ROUND(_xlfn.XLOOKUP($C55,'[1]Canais Estados'!$B:$B,'[1]Canais Estados'!$BN:$BN),2) -> 3.99 | G55: =F55-E55 -> 0 | H55: =ROUND((F55/E55)-1,4) -> 0
A56: GEO CO | B56: PET 2L | C56: PCB P2 | D56: 6 | E56: =ROUND(_xlfn.XLOOKUP($C56,'[1]Canais Estados'!$B:$B,'[1]Canais Estados'!$BJ:$BJ),2) -> 5.55 | F56: =ROUND(_xlfn.XLOOKUP($C56,'[1]Canais Estados'!$B:$B,'[1]Canais Estados'!$BN:$BN),2) -> 5.78 | G56: =F56-E56 -> 0.23 | H56: =ROUND((F56/E56)-1,4) -> 0.0414

Sheet repasse_ac
A1: UF | B1: GEO | C1: CATEGORIA | D1: EMB. | E1: TIPO | F1: SKU | G1: CLUSTER | H1: FH | I1: KPI | J1: VAR. NAC. | K1: VAR. REG. | L1: DIA% | M1: ATAC. NAC. | N1: ATAC. REG. | O1: ATACAREJO | P1: ASR | Q1: SUB | R1: BAR
A3: AM | B3: GEO CO | C3: REFRIGERANTE | D3: PET 200 | E3: REFRI | F3: GCA P200 | G3: Estrategico | H3: 0.002 | I3: TTC PRÉ | J3: 1.99 | K3: 1.99 | L3: 1.99 | M3: 1.89 | N3: 1.89 | O3: 1.89 | P3: 1.67 | Q3: 1.67 | R3: 1.71
A4: AM | B4: GEO CO | C4: REFRIGERANTE | D4: PET 200 | E4: REFRI | F4: GCA P200 | G4: Estrategico | H4: 0.002 | I4: TTC PÓS | J4: 1.99 | K4: 1.99 | L4: 1.99 | M4: 1.89 | N4: 1.89 | O4: 1.89 | P4: 1.67 | Q4: 1.67 | R4: 1.71
A5: AM | B5: GEO CO | C5: REFRIGERANTE | D5: PET 200 | E5: REFRI | F5: GCA P200 | G5: Estrategico | H5: 0.002 | I5: % PINC | J5: 0 | K5: 0 | L5: 0 | M5: 0 | N5: 0 | O5: 0 | P5: 0 | Q5: 0 | R5: 0
A6: AM | B6: GEO CO | C6: REFRIGERANTE | D6: PET 200 | E6: REFRI | F6: GCAD P200 | G6: Estrategico | H6: 0.002 | I6: TTC PRÉ | J6: 1.99 | K6: 1.99 | L6: 1.99 | M6: 1.89 | N6: 1.89 | O6: 1.89 | P6: 1.67 | Q6: 1.67 | R6: 1.71
A7: AM | B7: GEO CO | C7: REFRIGERANTE | D7: PET 200 | E7: REFRI | F7: GCAD P200 | G7: Estrategico | H7: 0.002 | I7: TTC PÓS | J7: 1.99 | K7: 1.99 | L7: 1.99 | M7: 1.89 | N7: 1.89 | O7: 1.89 | P7: 1.67 | Q7: 1.67 | R7: 1.71
A8: AM | B8: GEO CO | C8: REFRIGERANTE | D8: PET 200 | E8: REFRI | F8: GCAD P200 | G8: Estrategico | H8: 0.002 | I8: % PINC | J8: 0 | K8: 0 | L8: 0 | M8: 0 | N8: 0 | O8: 0 | P8: 0 | Q8: 0 | R8: 0
A9: AM | B9: GEO CO | C9: REFRIGERANTE | D9: PET 200 | E9: REFRI | F9: PC P200 | G9: Estrategico | H9: 0.002 | I9: TTC PRÉ | J9: 1.89 | K9: 1.89 | L9: 1.89 | M9: 1.79 | N9: 1.79 | O9: 1.79 | P9: 1.59 | Q9: 1.59 | R9: 1.62
A10: AM | B10: GEO CO | C10: REFRIGERANTE | D10: PET 200 | E10: REFRI | F10: PC P200 | G10: Estrategico | H10: 0.002 | I10: TTC PÓS | J10: 1.99 | K10: 1.99 | L10: 1.99 | M10: 1.89 | N10: 1.89 | O10: 1.89 | P10: 1.67 | Q10: 1.67 | R10: 1.71
A11: AM | B11: GEO CO | C11: REFRIGERANTE | D11: PET 200 | E11: REFRI | F11: PC P200 | G11: Estrategico | H11: 0.002 | I11: % PINC | J11: 0.052910053 | K11: 0.052910053 | L11: 0.052910053 | M11: 0.055865922 | N11: 0.055865922 | O11: 0.055865922 | P11: 0.050314465 | Q11: 0.050314465 | R11: 0.055555556
A12: AM | B12: GEO CO | C12: REFRIGERANTE | D12: PET 200 | E12: REFRI | F12: PCB P200 | G12: Estrategico | H12: 0.002 | I12: TTC PRÉ | J12: 1.89 | K12: 1.89 | L12: 1.89 | M12: 1.79 | N12: 1.79 | O12: 1.79 | P12: 1.59 | Q12: 1.59 | R12: 1.62
A13: AM | B13: GEO CO | C13: REFRIGERANTE | D13: PET 200 | E13: REFRI | F13: PCB P200 | G13: Estrategico | H13: 0.002 | I13: TTC PÓS | J13: 1.99 | K13: 1.99 | L13: 1.99 | M13: 1.89 | N13: 1.89 | O13: 1.89 | P13: 1.67 | Q13: 1.67 | R13: 1.71
A14: AM | B14: GEO CO | C14: REFRIGERANTE | D14: PET 200 | E14: REFRI | F14: PCB P200 | G14: Estrategico | H14: 0.002 | I14: % PINC | J14: 0.052910053 | K14: 0.052910053 | L14: 0.052910053 | M14: 0.055865922 | N14: 0.055865922 | O14: 0.055865922 | P14: 0.050314465 | Q14: 0.050314465 | R14: 0.055555556
... A1784: AM INT | B1784: GEO CO | C1784: ENERGETICO | D1784: LATA 473 | E1784: REDBULL | F1784: RB 473 | G1784: Estrategico | H1784: 0.00473 | I1784: % PINC | J1784: 0 | K1784: 0 | L1784: 0 | M1784: 0 | N1784: 0 | O1784: 0 | P1784: 0 | Q1784: 0 | R1784: 0

Sheet depara_repasse
A1: Tipo | B1: Emb. | C1: Tipo | D1: SKU | E1: nome_slide | F1: Cluster | G1: Grupo | H1: Nome | I1: Marca | J1: Caminho | K1: qtd_caixa
A2: REFRIGERANTE | B2: PET 200 | C2: CSD SS | D2: GCA P200 | E2: GCA P200 | F2: Estrategico | G2: Single | H2: Guaraná Antarctica Garrafa Pet 200ml | I2: Guaraná Antarctica | J2: data\img\GuaranaAntarctica_GarrafaPet200ml.png | K2: 12
A3: REFRIGERANTE | B3: PET 200 | C3: CSD SS | D3: GCAD P200 | E3: GCAD P200 | F3: Estrategico | G3: Nenhum | H3: Guaraná Antarctica Sem Açúcares Garrafa Pet 200ml | I3: Guaraná Antarctica Sem Açúcares | J3: data\img\GuaranaAntarcticaSemAcucares_GarrafaPet200ml.png | K3: 12
A4: REFRIGERANTE | B4: PET 200 | C4: CSD SS | D4: PC P200 | E4: PC P200 | F4: Estrategico | G4: Nenhum | H4: Pepsi Cola Garrafa Pet 200ml | I4: Pepsi Cola | J4: data\img\PepsiCola_GarrafaPet200ml.png | K4: 12
A5: REFRIGERANTE | B5: PET 200 | C5: CSD SS | D5: SLA P200 | E5: SLA P200 | F5: Estrategico | G5: Nenhum | H5: Soda Antarctica Garrafa Pet 200ml | I5: Soda Antarctica | J5: data\img\SodaAntarctica_GarrafaPet200ml.png | K5: 12
A6: REFRIGERANTE | B6: PET 200 | C6: CSD SS | D6: SAB P200 | E6: SAB P200 | F6: Estrategico | G6: Single | H6: Sukita Laranja Garrafa Pet 200ml | I6: Sukita Laranja | J6: data\img\Sabores_200ml.png | K6: 12
A7: REFRIGERANTE | B7: LATA 269 | C7: CSD SS | D7: GCA LT269 | E7: LATAS 269 | F7: Estrategico | G7: Single | H7: Guaraná Antarctica Lata Sleek 269ml | I7: Guaraná Antarctica | J7: data\img\lata_269.png | K7: 15
A8: REFRIGERANTE | B8: LATA 269 | C8: CSD SS | D8: PC LT269 | E8: PC LT269 | F8: Estrategico | G8: Nenhum | H8: Pepsi Cola Lata Sleek 269ml | I8: Pepsi Cola | J8: data\img\PepsiCola_LataSleek269ml.png | K8: 15
A9: REFRIGERANTE | B9: LATA 269 | C9: H2OH | D9: H2OH LT269 | E9: H2OH LT269 | F9: Estrategico | G9: Nenhum | H9: H2OH Limão Lata Sleek 269ml | I9: H2OH Limão | J9: data\img\H2OHLimao_LataSleek269ml.png | K9: 15
A10: REFRIGERANTE | B10: LATA 269 | C10: Tonica | D10: TA LT269 | E10: TA LT269 | F10: Estrategico | G10: Premium | H10: Tônica Antarctica Lata Sleek 269ml | I10: Tônica Antarctica | J10: data\img\TonicaAntarctica_LataSleek269ml.png | K10: 15
A11: REFRIGERANTE | B11: LATA 269 | C11: Natu | D11: NATU LT269 | E11: NATU LT269 | F11: Estrategico | G11: Nenhum | H11: Guaraná Antarctica Natu Lata Std 260ml | I11: Guaraná Antarctica Natu | J11: data\img\GuaranaAntarcticaNatu_LataStd260ml.png | K11: 15
A12: REFRIGERANTE | B12: LATA 310 | C12: CSD SS | D12: GCA LT310 | E12: LATAS 310 | F12: Estrategico | G12: Single | H12: Guaraná Antarctica Lata Sleek 310ml | I12: Guaraná Antarctica | J12: data\img\GuaranaAntarctica_LataSleek310ml.png | K12: 15
A13: REFRIGERANTE | B13: LATA 310 | C13: CSD SS | D13: PC LT310 | E13: PC LT310 | F13: Estrategico | G13: Nenhum | H13: Pepsi Cola Lata Sleek 310ml | I13: Pepsi Cola | J13: data\img\PepsiCola_LataSleek310ml.png | K13: 15
... A73: ENERGETICO | B73: LATA 250 | C73: Redbull | D73: RB 250 | E73: RB 250 | F73: Estrategico | G73: Nenhum | H73: Red Bull 250ml | I73: Red Bull | J73: data\img\redbull250.png | K73: 4
A74: REFRIGERANTE | B74: PET 1,5L | C74: CSD MS | D74: SUK P1,5 | E74: SUK P1,5 | F74: Core | G74: Multi1 | H74: Sukita Laranja Garrafa Pet 1,5L | I74: Sukita Laranja | J74: data\img\SukitaLaranja_GarrafaPet15L.png
A75: ENERGETICO | B75: LATA 355 | C75: Redbull | D75: RB 355 | E75: RB 355 | F75: Estrategico | G75: Nenhum | H75: Red Bull 355ml | I75: Red Bull | J75: data\img\redbull250.png | K75: 4
A76: ENERGETICO | B76: LATA 473 | C76: Redbull | D76: RB 473 | E76: RB 473 | F76: Estrategico | G76: Nenhum | H76: Red Bull 473ml | I76: Red Bull | J76: data\img\redbull250.png | K76: 12

Sheet arvore
A1: Comercial | B1: UF | C1: Cod Cliente | D1: Cob UNB | E1: Operação | F1: Cod Prod | G1: Nome Produto | H1: SKU Abrev | I1: Segmento | J1: Marca | K1: Pack | L1: QTD Caixa | M1: Fator hL | N1: TTC Rota | O1: TTV Rota | P1: Mg Rota | Q1: TTV CX Rota | R1: TTC ASR | S1: TTV ASR | T1: Mg ASR | U1: TTV CX ASR
A2: COM MT Centro | B2: TO/MT/MS | C2: CDD Rondonopolis | D2: 111_2349 | E2: 111 | F2: 139 | G2: 2349 | H2: GUARANA CHP ANTARCTICA PET 2L CAIXA C/6 | I2: GUARANA CHP ANTARCTICA | J2: REFRIGERANTE | K2: 6 | L2: 0.12 | M2: GCA P2 | N2: 10.29 | O2: 8.55 | P2: 0.2 | Q2: 51.3 | R2: 9.49 | S2: 7.91 | T2: 0.2 | U2: 47.46 | V2: - | W2: 207 | X2: - | Y2: 207 | Z2: 248.39 | AA2: 207 | AB2: 0.2 | AC2: 207
A3: COM MT Centro | B3: TO/MT/MS | C3: CDD Cuiaba | D3: 455_2349 | E3: 455 | F3: 872 | G3: 2349 | H3: GUARANA CHP ANTARCTICA PET 2L CAIXA C/6 | I3: GUARANA CHP ANTARCTICA | J3: REFRIGERANTE | K3: 6 | L3: 0.12 | M3: GCA P2 | N3: 10.29 | O3: 8.55 | P3: 0.2 | Q3: 51.3 | R3: 9.49 | S3: 7.91 | T3: 0.2 | U3: 47.46 | V3: - | W3: 207 | X3: - | Y3: 207 | Z3: 248.39 | AA3: 207 | AB3: 0.2 | AC3: 207
A4: Com Df | B4: DF | C4: CDD Brasilia | D4: 710_2349 | E4: 710 | F4: 40 | G4: 2349 | H4: GUARANA CHP ANTARCTICA PET 2L CAIXA C/6 | I4: GUARANA CHP ANTARCTICA | J4: REFRIGERANTE | K4: 6 | L4: 0.12 | M4: GCA P2 | N4: 8.69 | O4: 7.22 | P4: 0.2 | Q4: 43.32 | R4: 7.89 | S4: 6.58 | T4: 0.2 | U4: 39.48 | V4: - | W4: 207 | X4: - | Y4: 207 | Z4: 248.39 | AA4: 207 | AB4: 0.2 | AC4: 207
A5: COM AM CAP | B5: AM | C5: CDD Manaus | D5: 849_2349 | E5: 849 | F5: 740 | G5: 2349 | H5: GUARANA CHP ANTARCTICA PET 2L CAIXA C/6 | I5: GUARANA CHP ANTARCTICA | J5: REFRIGERANTE | K5: 6 | L5: 0.12 | M5: GCA P2 | N5: 9.39 | O5: 7.84 | P5: 0.2 | Q5: 47.04 | R5: 8.99 | S5: 7.49 | T5: 0.2 | U5: 44.94 | V5: - | W5: 207 | X5: - | Y5: 207 | Z5: 248.39 | AA5: 207 | AB5: 0.2 | AC5: 207
A6: COM MS | B6: TO/MT/MS | C6: Ovidio PA | D6: 107000_2349 | E6: 107000 | F6: 10700 | G6: 2349 | H6: GUARANA CHP ANTARCTICA PET 2L CAIXA C/6 | I6: GUARANA CHP ANTARCTICA | J6: REFRIGERANTE | K6: 6 | L6: 0.12 | M6: GCA P2 | N6: 10.29 | O6: 8.55 | P6: 0.2 | Q6: 51.3 | R6: 9.49 | S6: 7.91 | T6: 0.2 | U6: 47.46 | V6: - | W6: 207 | X6: - | Y6: 207 | Z6: 248.39 | AA6: 207 | AB6: 0.2 | AC6: 207
A7: COM TOGO Norte | B7: TO/MT/MS | C7: Temar | D7: 295370_2349 | E7: 295370 | F7: 29537 | G7: 2349 | H7: GUARANA CHP ANTARCTICA PET 2L CAIXA C/6 | I7: GUARANA CHP ANTARCTICA | J7: REFRIGERANTE | K7: 6 | L7: 0.12 | M7: GCA P2 | N7: 10.29 | O7: 8.55 | P7: 0.2 | Q7: 51.3 | R7: 9.49 | S7: 7.91 | T7: 0.2 | U7: 47.46 | V7: - | W7: 207 | X7: - | Y7: 207 | Z7: 248.39 | AA7: 207 | AB7: 0.2 | AC7: 207
A8: COM MT INT | B8: TO/MT/MS | C8: Vyas Sinop | D8: 323527_2349 | E8: 323527 | F8: 32352 | G8: 2349 | H8: GUARANA CHP ANTARCTICA PET 2L CAIXA C/6 | I8: GUARANA CHP ANTARCTICA | J8: REFRIGERANTE | K8: 6 | L8: 0.12 | M8: GCA P2 | N8: 10.29 | O8: 8.55 | P8: 0.2 | Q8: 51.3 | R8: 9.49 | S8: 7.91 | T8: 0.2 | U8: 47.46 | V8: - | W8: 207 | X8: - | Y8: 207 | Z8: 248.39 | AA8: 207 | AB8: 0.2 | AC8: 207
A9: COM MS | B9: TO/MT/MS | C9: Ovidio TL | D9: 360384_2349 | E9: 360384 | F9: 36038 | G9: 2349 | H9: GUARANA CHP ANTARCTICA PET 2L CAIXA C/6 | I9: GUARANA CHP ANTARCTICA | J9: REFRIGERANTE | K9: 6 | L9: 0.12 | M9: GCA P2 | N9: 10.29 | O9: 8.55 | P9: 0.2 | Q9: 51.3 | R9: 9.49 | S9: 7.91 | T9: 0.2 | U9: 47.46 | V9: - | W9: 7.29 | X9: - | Y9: 174.96 | Z9: 8.69 | AA9: 7.22 | AB9: 0.2 | AC9: 173.28
A10: COM AM INT | B10: AM INT | C10: Santabier | D10: 376469_2349 | E10: 376469 | F10: 37646 | G10: 2349 | H10: GUARANA CHP ANTARCTICA PET 2L CAIXA C/6 | I10: GUARANA CHP ANTARCTICA | J10: REFRIGERANTE | K10: 6 | L10: 0.12 | M10: GCA P2 | N10: 9.39 | O10: 7.84 | P10: 0.2 | Q10: 47.04 | R10: 8.99 | S10: 7.49 | T10: 0.2 | U10: 44.94 | V10: - | W10: 7.29 | X10: - | Y10: 29.16 | Z10: 8.69 | AA10: 7.22 | AB10: 0.2 | AC10: 28.88
A11: COM AM INT | B11: AM | C11: Amascol | D11: 495352_2349 | E11: 495352 | F11: 49535 | G11: 2349 | H11: GUARANA CHP ANTARCTICA PET 2L CAIXA C/6 | I11: GUARANA CHP ANTARCTICA | J11: REFRIGERANTE | K11: 6 | L11: 0.12 | M11: GCA P2 | N11: 9.39 | O11: 7.84 | P11: 0.2 | Q11: 47.04 | R11: 8.99 | S11: 7.49 | T11: 0.2 | U11: 44.94 | V11: - | W11: 7.29 | X11: - | Y11: 43.74 | Z11: 8.69 | AA11: 7.22 | AB11: 0.2 | AC11: 43.32
A12: COM GYN | B12: GO | C12: Regra AG | D12: 542644_2349 | E12: 542644 | F12: 54264 | G12: 2349 | H12: GUARANA CHP ANTARCTICA PET 2L CAIXA C/6 | I12: GUARANA CHP ANTARCTICA | J12: REFRIGERANTE | K12: 6 | L12: 0.12 | M12: GCA P2 | N12: 8.89 | O12: 7.42 | P12: 0.2 | Q12: 44.52 | R12: 7.89 | S12: 6.58 | T12: 0.2 | U12: 39.48 | V12: - | W12: 7.29 | X12: - | Y12: 29.16 | Z12: 8.69 | AA12: 7.22 | AB12: 0.2 | AC12: 28.88
A13: COM TOGO Norte | B13: TO/MT/MS | C13: Cemar DI | D13: 599719_2349 | E13: 599719 | F13: 59971 | G13: 2349 | H13: GUARANA CHP ANTARCTICA PET 2L CAIXA C/6 | I13: GUARANA CHP ANTARCTICA | J13: REFRIGERANTE | K13: 6 | L13: 0.12 | M13: GCA P2 | N13: 10.29 | O13: 8.55 | P13: 0.2 | Q13: 51.3 | R13: 9.49 | S13: 7.91 | T13: 0.2 | U13: 47.46 | V13: - | W13: 7.29 | X13: - | Y13: 29.16 | Z13: 8.69 | AA13: 7.22 | AB13: 0.2 | AC13: 28.88
... A85: COM TOGO Norte | B85: TO/MT/MS | C85: Cemar DI | D85: 599719_503 | E85: 599719 | F85: 59971 | G85: 503 | H85: SUKITA PET 2L CAIXA C/6 | I85: SUKITA | J85: REFRIGERANTE | K85: 6 | L85: 0.12 | M85: SUK P2 | N85: 7.29 | O85: 6.1 | P85: 0.2 | Q85: 36.6 | R85: 6.99 | S85: 5.84 | T85: 0.2 | U85: 35.04 | V85: - | W85: 3.8 | X85: - | Y85: 22.8 | Z85: 4.49 | AA85: 3.74 | AB85: 0.2 | AC85: 22.44
A86: COM GYN | B86: GO | C86: Regra IP | D86: 600741_503 | F86: 60074 | G86: 503 | H86: SUKITA PET 2L CAIXA C/6 | I86: SUKITA | J86: REFRIGERANTE | K86: 6 | L86: 0.12 | M86: SUK P2 | N86: 7.29 | O86: 6.1 | P86: 0.2 | Q86: 36.6 | R86: 6.69 | S86: 5.6 | T86: 0.2 | U86: 33.6 | V86: - | W86: 5.69 | X86: - | Y86: 34.14 | Z86: 6.29 | AA86: 5.24 | AB86: 0.2 | AC86: 31.44
A87: COM TOGO Norte | B87: GO | C87: Regra BG | D87: 606634_503 | E87: 606634 | F87: 60663 | G87: 503 | H87: SUKITA PET 2L CAIXA C/6 | I87: SUKITA | J87: REFRIGERANTE | K87: 6 | L87: 0.12 | M87: SUK P2 | N87: 7.29 | O87: 6.1 | P87: 0.2 | Q87: 36.6 | R87: 6.69 | S87: 5.6 | T87: 0.2 | U87: 33.6 | V87: - | W87: 9.4145 | X87: - | Y87: 56.46 | Z87: 9.99 | AA87: 6.4833333 | AB87: 0.54 | AC87: 38.88
A88: COM MT SUL | B88: TO/MT/MS | C88: Disvale | D88: 613339_503 | E88: 613339 | F88: 61333 | G88: 503 | H88: SUKITA PET 2L CAIXA C/6 | I88: SUKITA | J88: REFRIGERANTE | K88: 6 | L88: 0.12 | M88: SUK P2 | N88: 7.29 | O88: 6.1 | P88: 0.2 | Q88: 36.6 | R88: 6.99 | S88: 5.84 | T88: 0.2 | U88: 35.04 | V88: - | W88: 4.27 | X88: - | Y88: 25.62 | Z88: 4.89 | AA88: 4.08 | AB88: 0.2 | AC88: 24.48
A89: COM NO | B89: RR/AC | C89: Jurua CR | D89: 613673_503 | E89: 613673 | F89: 61367 | G89: 503 | H89: SUKITA PET 2L CAIXA C/6 | I89: SUKITA | J89: REFRIGERANTE | K89: 6 | L89: 0.12 | M89: SUK P2 | N89: 7.09 | O89: 5.91 | P89: 0.2 | Q89: 35.46 | R89: 6.49 | S89: 5.43 | T89: 0.2 | U89: 32.58 | V89: - | W89: 4.27 | X89: - | Y89: 25.62 | Z89: 4.89 | AA89: 4.08 | AB89: 0.2 | AC89: 24.48
A90: COM NO | B90: RR/AC | C90: Jurua FL | D90: 613770_503 | E90: 613770 | F90: 61377 | G90: 503 | H90: SUKITA PET 2L CAIXA C/6 | I90: SUKITA | J90: REFRIGERANTE | K90: 6 | L90: 0.12 | M90: SUK P2 | N90: 7.09 | O90: 5.91 | P90: 0.2 | Q90: 35.46 | R90: 6.49 | S90: 5.43 | T90: 0.2 | U90: 32.58 | V90: - | W90: 4.27 | X90: - | Y90: 25.62 | Z90: 4.89 | AA90: 4.08 | AB90: 0.2 | AC90: 24.48
A91: COM MS | B91: TO/MT/MS | C91: Rotele AQ | D91: 619132_503 | E91: 619132 | F91: 61913 | G91: 503 | H91: SUKITA PET 2L CAIXA C/6 | I91: SUKITA | J91: REFRIGERANTE | K91: 6 | L91: 0.12 | M91: SUK P2 | N91: 7.29 | O91: 6.1 | P91: 0.2 | Q91: 36.6 | R91: 6.99 | S91: 5.84 | T91: 0.2 | U91: 35.04 | V91: - | W91: 4.27 | X91: - | Y91: 25.62 | Z91: 4.89 | AA91: 4.08 | AB91: 0.2 | AC91: 24.48
A92: COM MS | B92: TO/MT/MS | C92: Rotele CX | D92: 637858_503 | E92: 637858 | F92: 63785 | G92: 503 | H92: SUKITA PET 2L CAIXA C/6 | I92: SUKITA | J92: REFRIGERANTE | K92: 6 | L92: 0.12 | M92: SUK P2 | N92: 7.29 | O92: 6.1 | P92: 0.2 | Q92: 36.6 | R92: 6.99 | S92: 5.84 | T92: 0.2 | U92: 35.04 | V92: - | W92: 4.27 | X92: - | Y92: 25.62 | Z92: 4.89 | AA92: 4.08 | AB92: 0.2 | AC92: 24.48
A93: COM TOGO Norte | B93: GO | C93: Regra PO | D93: 669261_503 | E93: 669261 | F93: 66926 | G93: 503 | H93: SUKITA PET 2L CAIXA C/6 | I93: SUKITA | J93: REFRIGERANTE | K93: 6 | L93: 0.12 | M93: SUK P2 | N93: 7.29 | O93: 6.1 | P93: 0.2 | Q93: 36.6 | R93: 6.69 | S93: 5.6 | T93: 0.2 | U93: 33.6 | V93: - | W93: 4.27 | X93: - | Y93: 25.62 | Z93: 4.89 | AA93: 4.08 | AB93: 0.2 | AC93: 24.48
A94: COM TOGO Norte | B94: GO | C94: Regra CE | D94: 669610_503 | E94: 669610 | F94: 66961 | G94: 503 | H94: SUKITA PET 2L CAIXA C/6 | I94: SUKITA | J94: REFRIGERANTE | K94: 6 | L94: 0.12 | M94: SUK P2 | N94: 7.29 | O94: 6.1 | P94: 0.2 | Q94: 36.6 | R94: 6.69 | S94: 5.6 | T94: 0.2 | U94: 33.6 | V94: - | W94: 207 | X94: - | Y94: 207 | Z94: 248.39 | AA94: 207 | AB94: 0.2 | AC94: 207
A95: COM MS | B95: TO/MT/MS | C95: Gran Dourados | D95: 698008_503 | E95: 698008 | F95: 69800 | G95: 503 | H95: SUKITA PET 2L CAIXA C/6 | I95: SUKITA | J95: REFRIGERANTE | K95: 6 | L95: 0.12 | M95: SUK P2 | N95: 7.29 | O95: 6.1 | P95: 0.2 | Q95: 36.6 | R95: 6.99 | S95: 5.84 | T95: 0.2 | U95: 35.04 | V95: - | W95: 207 | X95: - | Y95: 207 | Z95: 248.39 | AA95: 207 | AB95: 0.2 | AC95: 207
A96: COM AM INT | B96: AM INT | C96: Bramam Parintins | D96: 703133_503 | E96: 703133 | F96: 70313 | G96: 503 | H96: SUKITA PET 2L CAIXA C/6 | I96: SUKITA | J96: REFRIGERANTE | K96: 6 | L96: 0.12 | M96: SUK P2 | N96: 7.09 | O96: 5.91 | P96: 0.2 | Q96: 35.46 | R96: 6.49 | S96: 5.43 | T96: 0.2 | U96: 32.58 | V96: - | W96: 207 | X96: - | Y96: 207 | Z96: 248.39 | AA96: 207 | AB96: 0.2 | AC96: 207
A97: COM AM INT | B97: AM INT | C97: Bramam Itaituba | D97: 703354_503 | E97: 703354 | F97: 70335 | G97: 503 | H97: SUKITA PET 2L CAIXA C/6 | I97: SUKITA | J97: REFRIGERANTE | K97: 6 | L97: 0.12 | M97: SUK P2 | N97: 7.09 | O97: 5.91 | P97: 0.2 | Q97: 35.46 | R97: 6.49 | S97: 5.43 | T97: 0.2 | U97: 32.58 | V97: - | W97: 207 | X97: - | Y97: 207 | Z97: 248.39 | AA97: 207 | AB97: 0.2 | AC97: 207
A98: COM GO SUDESTE | B98: GO | C98: Pereira | D98: 724009_503 | E98: 724009 | F98: 72400 | G98: 503 | H98: SUKITA PET 2L CAIXA C/6 | I98: SUKITA | J98: REFRIGERANTE | K98: 6 | L98: 0.12 | M98: SUK P2 | N98: 7.29 | O98: 6.1 | P98: 0.2 | Q98: 36.6 | R98: 6.69 | S98: 5.6 | T98: 0.2 | U98: 33.6 | V98: - | W98: 207 | X98: - | Y98: 207 | Z98: 248.39 | AA98: 207 | AB98: 0.2 | AC98: 207
... A4539: COM MT Centro | B4539: TO/MT/MS | C4539: CDD Cuiaba | D4539: 455_19303 | E4539: 455 | F4539: 872 | G4539: 19303 | H4539: TONICA ANTARCTICA LT 269ML SH C/15 | I4539: TONICA ANTARCTICA | J4539: REFRIGERANTE | K4539: 15 | L4539: 0.04035 | M4539: TA LT269 | N4539: 2.49 | O4539: 2.09 | P4539: 0.2 | Q4539: 31.36 | R4539: 2.49 | S4539: 2.09 | T4539: 0.2 | U4539: 31.36 | V4539: - | W4539: 3.32 | X4539: - | Y4539: 39.84 | Z4539: 3.69 | AA4539: 3.08 | AB4539: 0.2 | AC4539: 36.96
A4540: Com Df | B4540: DF | C4540: CDD Brasilia | D4540: 710_19303 | E4540: 710 | F4540: 40 | G4540: 19303 | H4540: TONICA ANTARCTICA LT 269ML SH C/15 | I4540: TONICA ANTARCTICA | J4540: REFRIGERANTE | K4540: 15 | L4540: 0.04035 | M4540: TA LT269 | N4540: 2.69 | O4540: 2.25 | P4540: 0.2 | Q4540: 33.76 | R4540: 2.49 | S4540: 2.09 | T4540: 0.2 | U4540: 31.36
A4541: COM AM CAP | B4541: AM | C4541: CDD Manaus | D4541: 849_19303 | E4541: 849 | F4541: 740 | G4541: 19303 | H4541: TONICA ANTARCTICA LT 269ML SH C/15 | I4541: TONICA ANTARCTICA | J4541: REFRIGERANTE | K4541: 15 | L4541: 0.04035 | M4541: TA LT269 | N4541: 2.69 | O4541: 2.25 | P4541: 0.2 | Q4541: 33.76 | R4541: 2.49 | S4541: 2.09 | T4541: 0.2 | U4541: 31.36
A4542: COM MS | B4542: TO/MT/MS | C4542: Ovidio PA | D4542: 107000_19303 | E4542: 107000 | F4542: 10700 | G4542: 19303 | H4542: TONICA ANTARCTICA LT 269ML SH C/15 | I4542: TONICA ANTARCTICA | J4542: REFRIGERANTE | K4542: 15 | L4542: 0.04035 | M4542: TA LT269 | N4542: 2.49 | O4542: 2.09 | P4542: 0.2 | Q4542: 31.36 | R4542: 2.49 | S4542: 2.09 | T4542: 0.2 | U4542: 31.36
A4543: COM TOGO Norte | B4543: TO/MT/MS | C4543: Temar | D4543: 295370_19303 | E4543: 295370 | F4543: 29537 | G4543: 19303 | H4543: TONICA ANTARCTICA LT 269ML SH C/15 | I4543: TONICA ANTARCTICA | J4543: REFRIGERANTE | K4543: 15 | L4543: 0.04035 | M4543: TA LT269 | N4543: 2.49 | O4543: 2.09 | P4543: 0.2 | Q4543: 31.36 | R4543: 2.49 | S4543: 2.09 | T4543: 0.2 | U4543: 31.36
A4544: COM MT INT | B4544: TO/MT/MS | C4544: Vyas Sinop | D4544: 323527_19303 | E4544: 323527 | F4544: 32352 | G4544: 19303 | H4544: TONICA ANTARCTICA LT 269ML SH C/15 | I4544: TONICA ANTARCTICA | J4544: REFRIGERANTE | K4544: 15 | L4544: 0.04035 | M4544: TA LT269 | N4544: 2.49 | O4544: 2.09 | P4544: 0.2 | Q4544: 31.36 | R4544: 2.49 | S4544: 2.09 | T4544: 0.2 | U4544: 31.36
A4545: COM MS | B4545: TO/MT/MS | C4545: Ovidio TL | D4545: 360384_19303 | E4545: 360384 | F4545: 36038 | G4545: 19303 | H4545: TONICA ANTARCTICA LT 269ML SH C/15 | I4545: TONICA ANTARCTICA | J4545: REFRIGERANTE | K4545: 15 | L4545: 0.04035 | M4545: TA LT269 | N4545: 2.49 | O4545: 2.09 | P4545: 0.2 | Q4545: 31.36 | R4545: 2.49 | S4545: 2.09 | T4545: 0.2 | U4545: 31.36
A4546: COM AM INT | B4546: AM INT | C4546: Santabier | D4546: 376469_19303 | E4546: 376469 | F4546: 37646 | G4546: 19303 | H4546: TONICA ANTARCTICA LT 269ML SH C/15 | I4546: TONICA ANTARCTICA | J4546: REFRIGERANTE | K4546: 15 | L4546: 0.04035 | M4546: TA LT269 | N4546: 2.69 | O4546: 2.25 | P4546: 0.2 | Q4546: 33.76 | R4546: 2.49 | S4546: 2.09 | T4546: 0.2 | U4546: 31.36
A4547: COM AM INT | B4547: AM | C4547: Amascol | D4547: 495352_19303 | E4547: 495352 | F4547: 49535 | G4547: 19303 | H4547: TONICA ANTARCTICA LT 269ML SH C/15 | I4547: TONICA ANTARCTICA | J4547: REFRIGERANTE | K4547: 15 | L4547: 0.04035 | M4547: TA LT269 | N4547: 2.69 | O4547: 2.25 | P4547: 0.2 | Q4547: 33.76 | R4547: 2.49 | S4547: 2.09 | T4547: 0.2 | U4547: 31.36
A4548: COM GYN | B4548: GO | C4548: Regra AG | D4548: 542644_19303 | E4548: 542644 | F4548: 54264 | G4548: 19303 | H4548: TONICA ANTARCTICA LT 269ML SH C/15 | I4548: TONICA ANTARCTICA | J4548: REFRIGERANTE | K4548: 15 | L4548: 0.04035 | M4548: TA LT269 | N4548: 2.69 | O4548: 2.27 | P4548: 0.2 | Q4548: 34.04 | R4548: 2.49 | S4548: 2.09 | T4548: 0.2 | U4548: 31.36
A4549: COM TOGO Norte | B4549: TO/MT/MS | C4549: Cemar DI | D4549: 599719_19303 | E4549: 599719 | F4549: 59971 | G4549: 19303 | H4549: TONICA ANTARCTICA LT 269ML SH C/15 | I4549: TONICA ANTARCTICA | J4549: REFRIGERANTE | K4549: 15 | L4549: 0.04035 | M4549: TA LT269 | N4549: 2.49 | O4549: 2.09 | P4549: 0.2 | Q4549: 31.36 | R4549: 2.49 | S4549: 2.09 | T4549: 0.2 | U4549: 31.36
A4550: COM GYN | B4550: GO | C4550: Regra IP | D4550: 600741_19303 | E4550: 600741 | F4550: 60074 | G4550: 19303 | H4550: TONICA ANTARCTICA LT 269ML SH C/15 | I4550: TONICA ANTARCTICA | J4550: REFRIGERANTE | K4550: 15 | L4550: 0.04035 | M4550: TA LT269 | N4550: 2.69 | O4550: 2.27 | P4550: 0.2 | Q4550: 34.04 | R4550: 2.49 | S4550: 2.09 | T4550: 0.2 | U4550: 31.36
A4551: COM TOGO Norte | B4551: GO | C4551: Regra BG | D4551: 606634_19303 | E4551: 606634 | F4551: 60663 | G4551: 19303 | H4551: TONICA ANTARCTICA LT 269ML SH C/15 | I4551: TONICA ANTARCTICA | J4551: REFRIGERANTE | K4551: 15 | L4551: 0.04035 | M4551: TA LT269 | N4551: 2.69 | O4551: 2.27 | P4551: 0.2 | Q4551: 34.04 | R4551: 2.49 | S4551: 2.09 | T4551: 0.2 | U4551: 31.36
... A8497: COM AM INT | B8497: AM INT | C8497: SOLIMOES CARAUARI | D8497: 1046861_34027 | E8497: 1046861 | F8497: 104686 | G8497: 34027 | H8497: GUARANA CHP ANTARCTICA LATA 350ML SH C/12 NPAL MULTIPACK | I8497: GUARANA CHP ANTARCTICA | J8497: REFRIGERANTE | K8497: 12 | L8497: 0.042 | M8497: GCA LT350 MP12 | N8497: 4.29 | O8497: 3.54 | P8497: 0.2 | Q8497: 42.48 | R8497: 2.99 | S8497: 2.49 | T8497: 0.2 | U8497: 29.88

Sheet nome_ac
A1: sku | B1: Nome Abrev. SKU | C1: embalagem | D1: Fator HL | E1: Quantidade de Produtos por Unidade de Medida | F1: FAROL | G1: NOVO DEPARA | H1: nome_sku
A2: 772 | B2: PC MBB18 | C2: BAG IN BOX | D2: 0.06 | E2: 1 | F2: BAG | G2: BAG | H2: BAG
A3: 2243 | B3: GCA MBB18 | C3: BAG IN BOX | D3: 0.06 | E3: 1 | F3: BAG | G3: BAG | H3: BAG
A4: 2248 | B4: SLA MBB18 | C4: BAG IN BOX | D4: 0.06 | E4: 1 | F4: BAG | G4: BAG | H4: BAG
A5: 2250 | B5: GCAD MBB18 | C5: BAG IN BOX | D5: 0.06 | E5: 1 | F5: BAG | G5: BAG | H5: BAG
A6: 7431 | B6: SU MBB18 | C6: BAG IN BOX | D6: 0.06 | E6: 1 | F6: BAG | G6: BAG | H6: BAG
A7: 9442 | B7: PC TW MBB18 | C7: BAG IN BOX | D7: 0.06 | E7: 1 | F7: BAG | G7: BAG | H7: BAG
A8: 15190 | B8: PEPZERO MBB18 | C8: BAG IN BOX | D8: 0.06 | E8: 1 | F8: BAG | G8: BAG | H8: BAG
A9: 24102 | B9: SUKITO PT450SH12 | C9: GFA PET 450ML | D9: 0.054 | E9: 12 | F9: Sukito | G9: Sukito P450 | H9: Sukito P450
A10: 11084 | B10: FUSION LT250 SP | C10: LATA 250 | D10: 0.015 | E10: 6 | F10: Energetico 250 | G10: FUSION LT250 | H10: FUSION LT250
A11: 19225 | B11: RB BR LT250C24NP . | C11: LATA 250 | D11: 0.06 | E11: 24 | F11: RB 250 | G11: RB 250 | H11: RB 250
A12: 19228 | B12: RB BR LT250FPNP . | C12: LATA 250 | D12: 0.01 | E12: 4 | F12: RB 250 | G12: RB 250 | H12: RB 250
A13: 19229 | B13: RB BR LT250SPNP . | C13: LATA 250 | D13: 0.015 | E13: 6 | F13: RB 250 | G13: RB 250 | H13: RB 250
... A226: 28512 | B226: PEBL PT1,5 SK6 | C226: PET 1,5L | D226: 0.09 | E226: 6 | F226: PC Pet 1,5 | G226: PC P1,5 | H226: PC P1,5
A227: 16793 | B227: DBTDUVA TP200MLCX18 | C227: TETRAPAK 200 | D227: 0.036 | E227: 18 | F227: SUCO TP 200 | G227: SUCO TP200 | H227: SUCO TP200
A228: 10723 | B228: LPPG PET500 6 | C228: PET 500 | D228: 0.03 | E228: 6 | F228: Lip Pet 500 | G228: LIP P500 | H228: LIP P500
A229: 15992 | B229: DB UVA TP200MLCX18 | C229: TETRAPAK 200 | D229: 0.036 | E229: 18 | F229: SUCO TP 200 | G229: SUCO TP200 | H229: SUCO TP200
A230: 576 | B230: SU 290 | C230: MEIA | D230: 0.0348 | E230: 24 | F230: CSD 1/2 | G230: CSD 1/2 | H230: CSD 1/2
A231: 23516 | B231: GUARANA ANTARCTICA JABUTICABA LATA 350ML SH C/12 | C231: LATA 350 | D231: 0.042 | E231: 12 | F231: GA/PC/SLA LT | G231: GCA LT350 | H231: GCA LT350
A232: 23510 | B232: GUARANA ANTARCTICA CUPUACU LATA 350ML SH C/12 | C232: LATA 350 | D232: 0.042 | E232: 12 | F232: GA/PC/SLA LT | G232: GCA LT350 | H232: GCA LT350
A233: 15002 | B233: PEPSI COLA RET REPET 2L SHRINK C/6 NPAL | C233: PET 2L | D233: 0.16 | E233: 8 | F233: PC PT2 | G233: PC P2 | H233: PC P2
A234: 14736 | B234: GUARANA ANT RET REPET 2L SHRINK C/6 NPAL | C234: PET 2L | D234: 0.16 | E234: 8 | F234: GCA PT2 | G234: GCA P2 | H234: GCA P2
A235: 11805 | B235: PEPSI COLA PET 500ML SHRINK C/12 NPAL BRASIL | C235: PET 500 | D235: 0.03 | E235: 6 | F235: PC Pet 500 | G235: PC P500 | H235: PC P500
A236: 22346 | B236: DO BEM GOIABA TETRAPAK 1L CX12 NPAL | C236: TETRAPAK 1L | D236: 0.12 | E236: 12 | F236: SUCO TP 1L | G236: SUCO TP1L | H236: SUCO TP1L
A237: 29143 | B237: PEPSI BLACK PET 1 L SH C/06 NPAL | C237: PET 1L | D237: 0.06 | E237: 6 | F237: PC Pet 1 | G237: PC P1 | H237: PC P1
A238: 21363 | B238: DO BEM UVA TETRA PAK EDGE 200ML CX18 | C238: TETRAPAK 200 | D238: 0.036 | E238: 18 | F238: SUCO TP 200 | G238: SUCO TP200 | H238: SUCO TP200
A239: 9737 | B239: GCAD LT350SHLI1 | C239: LATA 350 | D239: 0.042 | E239: 12 | F239: SUK + ZERO LT | G239: SAB+ZERO LT350 | H239: GCAD LT350
A240: 10028 | B240: SU P237 SHK12 | C240: PET 200 | D240: 0.024 | E240: 12 | F240: SUK + ZERO P200 | G240: SAB+ZERO P200 | H240: PC P200
A241: 15000 | B241: PC P2 REPET OW | C241: PET 2L | D241: 0.16 | E241: 8 | F241: PC PT2 | G241: PC P2 | H241: PC P2
A242: 15971 | B242: DBCOCO TP330MLC | C242: TETRAPAK 330 | D242: 0.0396 | E242: 12 | F242: SUCO TP 330 | G242: SUCO TP200 | H242: SUCO TP200
A243: 16723 | B243: DBPES TP200MLCX | C243: TETRAPAK 330 | D243: 0.0396 | E243: 12 | F243: SUCO TP 330 | G243: SUCO TP200 | H243: SUCO TP200
A244: 29148 | B244: FUSION LT250MLS | C244: LATA 250 | D244: 0.015 | E244: 15 | F244: Energetico 250 | G244: FUSION LT250 | H244: FUSION LT250
A245: 15996 | B245: DB UVA TP1LCX12 | C245: TETRAPAK 1L | D245: 0.12 | E245: 12 | F245: SUCO TP 1L | G245: SUCO TP1L | H245: SUCO TP1L
A246: 22262 | B246: DBTDUVA TP1LCX1 | C246: TETRAPAK 1L | D246: 0.12 | E246: 12 | F246: SUCO TP 1L | G246: SUCO TP1L | H246: SUCO TP1L
A247: 22333 | B247: DBCOCO TP1LCX12 | C247: TETRAPAK 1L | D247: 0.12 | E247: 12 | F247: SUCO TP 1L | G247: SUCO TP1L | H247: SUCO TP1L
... A258: 32067 | B258: GT BE BL PET500 | C258: PET 1L | D258: 0.06 | E258: 6 | F258: - | G258: GAT P1 | H258: GAT P500
